timestamp,temp_gpu,vram_used_mb,vram_total_mb,power_w,gpu_util_pct,sm_clock_mhz,time_sec
1784753942.800518,36,1414.75,16376.0,29.94,2,210,0.0
1784753943.0506835,36,1414.75,16376.0,26.96,9,210,0.2501654624938965
1784753943.3008626,36,1414.75,16376.0,26.96,9,210,0.5003445148468018
1784753943.5510416,36,1414.75,16376.0,26.7,17,210,0.750523567199707
1784753943.801192,36,1414.75,16376.0,26.7,17,210,1.0006740093231201
1784753944.0513024,36,1414.75,16376.0,24.88,8,210,1.2507843971252441
1784753944.3014653,36,1414.75,16376.0,24.88,8,210,1.5009472370147705
1784753944.5516534,36,1414.75,16376.0,21.53,12,210,1.7511353492736816
1784753944.8018355,36,1414.75,16376.0,21.53,12,210,2.0013175010681152
1784753945.0520356,36,1414.12,16376.0,19.59,9,210,2.2515175342559814
1784753945.3022254,36,1414.12,16376.0,19.59,9,210,2.5017073154449463
1784753945.5524266,36,1414.12,16376.0,19.57,14,210,2.751908540725708
1784753945.8026178,36,1414.12,16376.0,19.57,14,210,3.0020997524261475
1784753946.0527945,36,1414.12,16376.0,19.57,7,210,3.2522764205932617
1784753946.302972,36,1414.12,16376.0,19.57,7,210,3.5024540424346924
1784753946.5531626,36,1414.12,16376.0,19.66,12,210,3.7526445388793945
1784753946.8032994,36,1412.25,16376.0,19.66,12,210,4.002781391143799
1784753947.0534463,36,1412.25,16376.0,19.65,6,210,4.252928256988525
1784753947.3036118,36,1412.25,16376.0,19.65,6,210,4.503093719482422
1784753947.5538085,36,1412.25,16376.0,19.77,13,210,4.753290414810181
1784753947.8040018,36,1412.25,16376.0,19.77,13,210,5.003483772277832
1784753948.0541735,36,1412.25,16376.0,19.84,10,210,5.253655433654785
1784753948.3042974,36,1412.25,16376.0,19.84,10,210,5.503779411315918
1784753948.554457,36,1412.25,16376.0,19.94,14,210,5.753938913345337
1784753948.8046172,36,1412.25,16376.0,19.94,14,210,6.004099130630493
1784753949.0547826,36,1412.25,16376.0,19.94,7,210,6.25426459312439
1784753949.3049347,36,1412.25,16376.0,19.94,7,210,6.5044167041778564
1784753949.585467,36,1412.25,16376.0,19.85,14,210,6.784949064254761
1784753949.856517,36,1412.25,16376.0,19.85,14,210,7.055999040603638
1784753950.1066608,36,1412.25,16376.0,19.92,10,210,7.306142807006836
1784753950.3568149,36,1412.25,16376.0,19.92,10,210,7.5562968254089355
1784753950.6070092,36,1414.19,16376.0,20.06,17,210,7.806491136550903
1784753950.8571737,36,1414.19,16376.0,20.06,17,210,8.056655645370483
1784753951.1073525,36,1414.19,16376.0,19.91,7,210,8.30683445930481
1784753951.357525,36,1414.19,16376.0,19.91,7,210,8.557007074356079
1784753951.607701,36,1414.19,16376.0,19.88,18,210,8.807183027267456
1784753951.85789,36,1414.19,16376.0,19.88,18,210,9.057371854782104
1784753952.1080692,36,1414.19,16376.0,19.85,10,210,9.307551145553589
1784753952.358277,36,1414.19,16376.0,19.85,10,210,9.557759046554565
1784753952.6084661,36,1414.19,16376.0,19.91,8,210,9.807948112487793
1784753952.8586292,36,1414.19,16376.0,19.91,8,210,10.058111190795898
1784753953.1088028,36,1414.19,16376.0,19.84,17,210,10.308284759521484
1784753953.3589768,36,1414.19,16376.0,19.84,17,210,10.558458805084229
1784753953.6091378,36,1414.19,16376.0,19.81,8,210,10.808619737625122
1784753953.859323,36,1414.19,16376.0,19.81,8,210,11.058804988861084
1784753954.1094825,36,1414.19,16376.0,19.82,13,210,11.308964490890503
1784753954.3596385,36,1414.19,16376.0,19.82,13,210,11.559120416641235
1784753954.6098,36,1414.19,16376.0,19.73,10,210,11.809282064437866
1784753954.8599823,36,1414.19,16376.0,19.73,10,210,12.0594642162323
1784753955.110138,36,1414.19,16376.0,19.79,15,210,12.309619903564453
1784753955.3603184,36,1414.19,16376.0,19.79,15,210,12.559800386428833
1784753955.6105056,36,1413.44,16376.0,19.82,11,210,12.809987545013428
1784753955.8606715,36,1413.44,16376.0,19.82,11,210,13.060153484344482
1784753956.1108549,36,1413.44,16376.0,19.88,13,210,13.310336828231812
1784753956.361047,36,1413.44,16376.0,19.88,13,210,13.560528993606567
1784753956.6112142,36,1413.44,16376.0,19.82,10,210,13.810696125030518
1784753956.861393,36,1412.69,16376.0,19.82,10,210,14.060874938964844
1784753957.111565,36,1412.69,16376.0,19.93,17,210,14.311047077178955
1784753957.361739,36,1412.69,16376.0,19.93,17,210,14.56122088432312
1784753957.6119032,36,1412.69,16376.0,20.1,11,210,14.811385154724121
1784753957.8620596,36,1412.69,16376.0,20.1,11,210,15.061541557312012
1784753958.112239,36,1412.69,16376.0,19.98,17,210,15.311720848083496
1784753958.362412,36,1412.69,16376.0,19.98,17,210,15.561893939971924
1784753958.612563,36,1412.69,16376.0,20.01,9,210,15.812044858932495
1784753958.8627152,36,1412.69,16376.0,20.01,9,210,16.06219720840454
1784753959.1128836,36,1412.69,16376.0,20.19,20,210,16.312365531921387
1784753959.3630567,36,1412.69,16376.0,20.19,20,210,16.562538623809814
1784753959.6132088,36,1412.69,16376.0,20.13,11,210,16.81269073486328
1784753959.8633835,36,1412.69,16376.0,20.13,11,210,17.062865495681763
1784753960.1135373,36,1412.69,16376.0,20.06,17,210,17.313019275665283
1784753960.3636978,36,1412.69,16376.0,20.06,17,210,17.56317973136902
1784753960.6138709,36,1412.19,16376.0,20.06,8,210,17.813352823257446
1784753960.8640375,36,1412.19,16376.0,20.06,8,210,18.06351947784424
1784753961.1141987,36,1412.19,16376.0,20.05,17,210,18.31368064880371
1784753961.3643277,36,1412.19,16376.0,20.05,17,210,18.563809633255005
1784753961.6144812,36,1412.19,16376.0,19.8,9,210,18.813963174819946
1784753961.864642,36,1412.19,16376.0,19.8,9,210,19.06412386894226
1784753962.1148124,36,1412.19,16376.0,19.8,15,210,19.31429433822632
1784753962.3649702,36,1412.19,16376.0,19.8,15,210,19.564452171325684
1784753962.615128,36,1412.19,16376.0,19.92,10,210,19.81461000442505
1784753962.8652594,36,1412.19,16376.0,19.92,10,210,20.064741373062134
1784753963.1154234,36,1412.19,16376.0,20.02,13,210,20.314905405044556
1784753963.3655782,36,1412.19,16376.0,20.02,13,210,20.565060138702393
1784753963.6157444,36,1412.19,16376.0,19.94,8,210,20.815226316452026
1784753963.8659067,36,1412.19,16376.0,19.94,8,210,21.065388679504395
1784753964.1160645,36,1412.19,16376.0,19.87,17,210,21.31554651260376
1784753964.3662379,36,1412.19,16376.0,19.87,17,210,21.565719842910767
1784753964.6164217,36,1412.19,16376.0,19.83,8,210,21.815903663635254
1784753964.8665955,36,1412.19,16376.0,19.83,8,210,22.06607747077942
1784753965.1167312,36,1412.19,16376.0,19.82,13,210,22.316213130950928
1784753965.366892,36,1412.19,16376.0,19.82,13,210,22.56637406349182
1784753965.6170487,36,1412.19,16376.0,19.8,10,210,22.81653070449829
1784753965.867209,36,1412.19,16376.0,19.8,10,210,23.066690921783447
1784753966.1173823,36,1412.19,16376.0,19.81,12,210,23.316864252090454
1784753966.367545,36,1412.19,16376.0,19.81,12,210,23.5670268535614
1784753966.617706,36,1412.19,16376.0,19.86,15,210,23.817188024520874
1784753966.8678675,36,1412.19,16376.0,19.86,15,210,24.067349433898926
1784753967.1180344,36,1412.19,16376.0,19.87,9,210,24.317516326904297
1784753967.3682003,36,1412.19,16376.0,19.87,9,210,24.56768226623535
1784753967.6183152,36,1412.19,16376.0,20.0,17,210,24.81779718399048
1784753967.8684762,36,1412.19,16376.0,20.0,17,210,25.067958116531372
1784753968.1186607,36,1412.19,16376.0,20.13,9,210,25.318142652511597
1784753968.3688264,36,1412.19,16376.0,20.13,9,210,25.568308353424072
1784753968.6189907,36,1412.19,16376.0,20.12,18,210,25.818472623825073
1784753968.8691595,36,1412.19,16376.0,20.12,18,210,26.068641424179077
1784753969.1193306,36,1412.19,16376.0,20.13,9,210,26.318812608718872
1784753969.3694937,36,1412.19,16376.0,20.13,9,210,26.568975687026978
1784753969.6196473,35,1412.19,16376.0,20.13,14,210,26.81912922859192
1784753969.8697915,35,1412.19,16376.0,20.13,14,210,27.069273471832275
1784753970.1199563,35,1412.19,16376.0,20.09,8,210,27.319438219070435
1784753970.3701215,35,1412.19,16376.0,20.09,8,210,27.569603443145752
1784753970.6202843,35,1412.19,16376.0,19.98,13,210,27.81976628303528
1784753970.87044,35,1412.19,16376.0,19.98,13,210,28.06992197036743
1784753971.1206057,35,1412.19,16376.0,19.88,7,210,28.320087671279907
1784753971.3707595,35,1412.19,16376.0,19.88,7,210,28.570241451263428
1784753971.6209111,35,1412.19,16376.0,19.76,15,210,28.820393085479736
1784753971.8710592,35,1412.19,16376.0,19.76,15,210,29.07054114341736
1784753972.121203,35,1412.19,16376.0,19.75,10,210,29.320684909820557
1784753972.3713136,35,1412.19,16376.0,19.75,10,210,29.57079553604126
1784753972.6214628,35,1412.19,16376.0,19.9,14,210,29.820944786071777
1784753972.8716133,35,1412.19,16376.0,19.9,14,210,30.07109522819519
1784753973.121777,35,1412.19,16376.0,19.9,9,210,30.321259021759033
1784753973.3719468,35,1412.19,16376.0,19.9,9,210,30.571428775787354
1784753973.6221209,35,1412.19,16376.0,19.89,13,210,30.821602821350098
1784753973.8722804,35,1412.19,16376.0,19.89,13,210,31.071762323379517
1784753974.122429,35,1412.19,16376.0,19.72,7,210,31.321910858154297
1784753974.3725958,35,1412.19,16376.0,19.72,7,210,31.572077751159668
1784753974.6227589,35,1412.19,16376.0,19.73,17,210,31.822240829467773
1784753974.8729184,35,1412.19,16376.0,19.73,17,210,32.07240033149719
1784753975.1230755,35,1412.19,16376.0,19.84,9,210,32.32255744934082
1784753975.3732765,35,1412.19,16376.0,19.84,9,210,32.572758436203
1784753975.6234393,35,1412.19,16376.0,19.97,8,210,32.82292127609253
1784753975.8735945,35,1412.19,16376.0,19.97,8,210,33.073076486587524
1784753976.1237676,35,1412.19,16376.0,20.06,16,210,33.32324957847595
1784753976.3739393,35,1412.19,16376.0,20.06,16,210,33.573421239852905
1784753976.624099,35,1412.19,16376.0,20.06,9,210,33.8235809803009
1784753976.874266,35,1412.19,16376.0,20.06,9,210,34.073747873306274
1784753977.1244488,35,1412.19,16376.0,20.16,16,210,34.323930740356445
1784753977.3746355,35,1412.19,16376.0,20.16,16,210,34.57411742210388
1784753977.624769,35,1412.19,16376.0,20.18,9,210,34.82425093650818
1784753977.8749309,35,1412.19,16376.0,20.18,9,210,35.07441282272339
1784753978.1250844,35,1412.19,16376.0,20.15,18,210,35.32456636428833
1784753978.3752496,35,1412.19,16376.0,20.15,18,210,35.57473158836365
1784753978.6254137,35,1412.19,16376.0,20.14,8,210,35.82489562034607
1784753978.875584,35,1412.19,16376.0,20.14,8,210,36.07506585121155
1784753979.125745,35,1412.19,16376.0,20.2,12,210,36.32522702217102
1784753979.3759096,35,1412.19,16376.0,20.2,12,210,36.5753915309906
1784753979.6260896,35,1412.19,16376.0,20.08,8,210,36.82557153701782
1784753979.8762562,35,1412.19,16376.0,20.08,8,210,37.075738191604614
1784753980.1264145,35,1412.19,16376.0,20.07,20,210,37.32589650154114
1784753980.3765757,35,1412.19,16376.0,20.07,20,210,37.57605767250061
1784753980.6267316,35,1412.19,16376.0,20.05,11,210,37.82621359825134
1784753980.876914,35,1412.19,16376.0,20.05,11,210,38.076395988464355
1784753981.1270728,35,1412.19,16376.0,19.89,15,210,38.32655477523804
1784753981.3772569,35,1412.19,16376.0,19.89,15,210,38.5767388343811
1784753981.6274452,35,1412.19,16376.0,19.77,7,210,38.826927185058594
1784753981.877609,35,1412.19,16376.0,19.77,7,210,39.07709097862244
1784753982.1277645,35,1412.19,16376.0,19.72,13,210,39.32724642753601
1784753982.377918,35,1412.19,16376.0,19.72,13,210,39.57739996910095
1784753982.6280947,35,1412.19,16376.0,19.59,8,210,39.827576637268066
1784753982.878264,35,1412.19,16376.0,19.59,8,210,40.07774591445923
1784753983.1284208,35,1412.19,16376.0,19.69,13,210,40.32790279388428
1784753983.3785725,35,1412.19,16376.0,19.69,13,210,40.578054428100586
1784753983.6287456,35,1412.19,16376.0,19.75,8,210,40.828227519989014
1784753983.87891,35,1412.19,16376.0,19.75,8,210,41.078392028808594
1784753984.1290648,35,1412.19,16376.0,19.7,15,210,41.32854676246643
1784753984.3792229,35,1412.19,16376.0,19.7,15,210,41.578704833984375
1784753984.629392,35,1412.19,16376.0,19.73,8,210,41.82887387275696
1784753984.8795836,35,1412.19,16376.0,19.73,8,210,42.079065561294556
1784753985.1297426,35,1412.19,16376.0,19.75,14,210,42.329224586486816
1784753985.3799267,35,1412.19,16376.0,19.75,14,210,42.57940864562988
1784753985.6300857,35,1412.19,16376.0,19.63,7,210,42.829567670822144
1784753985.8802736,35,1412.19,16376.0,19.63,7,210,43.079755544662476
1784753986.1304655,35,1412.19,16376.0,19.72,18,210,43.32994747161865
1784753986.3806326,35,1412.19,16376.0,19.72,18,210,43.5801146030426
1784753986.630796,35,1412.19,16376.0,19.93,10,210,43.83027791976929
1784753986.8809557,35,1412.19,16376.0,19.93,10,210,44.080437660217285
1784753987.131115,35,1412.19,16376.0,20.12,14,210,44.330596923828125
1784753987.3812733,35,1412.19,16376.0,20.12,14,210,44.58075523376465
1784753987.6314902,35,1412.19,16376.0,20.05,9,210,44.83097219467163
1784753987.8816502,35,1412.19,16376.0,20.05,9,210,45.08113217353821
1784753988.131803,35,1412.19,16376.0,20.11,19,210,45.33128499984741
1784753988.3819826,35,1412.19,16376.0,20.11,19,210,45.581464529037476
1784753988.6321406,35,1412.19,16376.0,19.94,7,210,45.83162260055542
1784753988.8823175,35,1413.44,16376.0,19.94,7,210,46.08179950714111
1784753989.1324852,35,1413.44,16376.0,19.97,13,210,46.33196711540222
1784753989.382655,35,1413.44,16376.0,19.97,13,210,46.58213686943054
1784753989.6328268,35,1413.44,16376.0,19.93,7,210,46.832308769226074
1784753989.8830009,35,1413.0,16376.0,19.93,7,210,47.08248281478882
1784753990.133178,35,1413.0,16376.0,20.07,25,210,47.33265995979309
1784753990.383309,35,1413.0,16376.0,20.07,25,210,47.58279085159302
1784753990.6334658,35,1413.0,16376.0,20.2,30,210,47.832947731018066
1784753990.883621,35,1412.94,16376.0,20.2,30,210,48.08310294151306
1784753991.1337798,35,1412.94,16376.0,20.47,23,210,48.33326172828674
1784753991.3839636,35,1412.94,16376.0,20.47,23,210,48.58344554901123
1784753991.6341264,35,1412.94,16376.0,20.23,15,210,48.83360838890076
1784753991.8842845,35,1412.94,16376.0,20.23,15,210,49.0837664604187
1784753992.134445,35,1412.94,16376.0,19.93,8,210,49.33392691612244
1784753992.38461,35,1412.94,16376.0,19.93,8,210,49.584091901779175
1784753992.634776,35,1412.94,16376.0,19.74,12,210,49.83425807952881
1784753992.8849373,35,1412.94,16376.0,19.74,12,210,50.08441925048828
1784753993.1351051,35,1412.94,16376.0,19.62,9,210,50.33458709716797
1784753993.3852673,35,1412.94,16376.0,19.62,9,210,50.58474922180176
1784753993.6354465,35,1412.94,16376.0,19.81,13,210,50.83492851257324
1784753993.885605,35,1412.94,16376.0,19.81,13,210,51.085087060928345
1784753994.135775,35,1412.94,16376.0,19.85,8,210,51.335257053375244
1784753994.3859503,35,1412.94,16376.0,19.85,8,210,51.585432291030884
1784753994.636134,35,1412.94,16376.0,19.88,15,210,51.83561587333679
1784753994.8863144,35,1412.94,16376.0,19.88,15,210,52.08579635620117
1784753995.1364906,35,1411.5,16376.0,20.34,43,210,52.33597254753113
1784753995.3866754,35,1411.5,16376.0,20.34,43,210,52.58615732192993
1784753995.6368468,35,1411.5,16376.0,20.89,37,210,52.836328744888306
1784753995.887007,35,1411.5,16376.0,20.89,37,210,53.08648896217346
1784753996.1371596,35,1411.5,16376.0,20.61,17,210,53.33664155006409
1784753996.3873088,35,1411.5,16376.0,20.61,17,210,53.586790800094604
1784753996.637488,35,1411.5,16376.0,20.07,11,210,53.83696985244751
1784753996.8876562,35,1411.5,16376.0,20.07,11,210,54.087138175964355
1784753997.1378148,35,1411.5,16376.0,20.84,68,330,54.33729672431946
1784753997.3879917,35,1411.5,16376.0,20.84,68,330,54.58747363090515
1784753997.6381555,35,1411.5,16376.0,20.8,6,330,54.837637424468994
1784753997.888339,35,1411.5,16376.0,20.8,6,330,55.0878210067749
1784753998.1385257,35,1411.5,16376.0,19.99,11,330,55.33800768852234
1784753998.3886933,35,1411.5,16376.0,19.99,11,330,55.58817529678345
1784753998.638883,35,1411.5,16376.0,19.85,5,330,55.83836507797241
1784753998.8890483,35,1411.5,16376.0,19.85,5,330,56.08853030204773
1784753999.1392007,35,1409.5,16376.0,19.86,13,210,56.338682651519775
1784753999.3893774,35,1409.5,16376.0,19.86,13,210,56.58885931968689
1784753999.6395445,35,1409.5,16376.0,19.89,9,210,56.83902645111084
1784753999.8897338,35,1409.5,16376.0,19.89,9,210,57.08921575546265
1784754000.1398983,35,1409.5,16376.0,19.85,14,210,57.33938026428223
1784754000.390059,35,1410.75,16376.0,19.85,14,210,57.58954095840454
1784754000.6402242,35,1410.75,16376.0,19.93,10,210,57.83970618247986
1784754000.8904073,35,1410.75,16376.0,19.93,10,210,58.08988928794861
1784754001.1405804,35,1414.5,16376.0,19.86,12,210,58.340062379837036
1784754001.3907614,35,1414.5,16376.0,19.86,12,210,58.590243339538574
1784754001.6408916,35,1414.5,16376.0,19.79,8,210,58.840373516082764
1784754001.8910544,35,1414.5,16376.0,19.79,8,210,59.09053635597229
1784754002.1412063,35,1414.5,16376.0,19.91,16,210,59.34068822860718
1784754002.3913972,35,1414.5,16376.0,19.91,16,210,59.59087920188904
1784754002.6415896,35,1414.5,16376.0,19.92,7,210,59.84107160568237
1784754002.8917556,35,1414.5,16376.0,19.92,7,210,60.09123754501343
1784754003.141906,35,1413.56,16376.0,19.8,14,210,60.34138798713684
1784754003.3920717,35,1413.56,16376.0,19.8,14,210,60.591553688049316
1784754003.642241,35,1413.56,16376.0,19.75,7,210,60.84172296524048
1784754003.8924015,35,1413.56,16376.0,19.75,7,210,61.091883420944214
1784754004.1425564,35,1413.56,16376.0,19.89,14,210,61.34203839302063
1784754004.392709,35,1413.56,16376.0,19.89,14,210,61.592190980911255
1784754004.6428337,35,1413.56,16376.0,19.9,15,210,61.842315673828125
1784754004.8929949,35,1413.56,16376.0,19.9,15,210,62.0924768447876
1784754005.1431503,35,1413.56,16376.0,20.07,9,210,62.34263229370117
1784754005.3933263,35,1413.56,16376.0,20.07,9,210,62.59280824661255
1784754005.6434836,35,1413.56,16376.0,20.21,18,210,62.842965602874756
1784754005.8936388,35,1413.56,16376.0,20.21,18,210,63.09312081336975
1784754006.1437955,35,1411.06,16376.0,20.24,8,210,63.34327745437622
1784754006.393971,35,1411.06,16376.0,20.24,8,210,63.59345293045044
1784754006.64413,35,1411.06,16376.0,20.19,18,210,63.8436119556427
1784754006.89425,35,1411.06,16376.0,20.19,18,210,64.09373188018799
1784754007.1444213,35,1411.06,16376.0,20.19,7,210,64.34390330314636
1784754007.3945744,35,1411.06,16376.0,20.19,7,210,64.59405636787415
1784754007.644728,35,1411.06,16376.0,20.16,15,210,64.84420990943909
1784754007.894887,35,1411.06,16376.0,20.16,15,210,65.09436893463135
1784754008.1450553,35,1411.06,16376.0,20.05,7,210,65.3445372581482
1784754008.395211,35,1411.06,16376.0,20.05,7,210,65.59469294548035
1784754008.6453693,35,1411.06,16376.0,20.01,14,210,65.84485125541687
1784754008.895543,35,1411.06,16376.0,20.01,14,210,66.09502506256104
1784754009.1457124,35,1411.06,16376.0,19.91,9,210,66.3451943397522
1784754009.3958771,35,1411.06,16376.0,19.91,9,210,66.59535908699036
1784754009.6460347,35,1411.06,16376.0,19.9,13,210,66.84551668167114
1784754009.8961968,35,1411.06,16376.0,19.9,13,210,67.09567880630493
1784754010.1463218,35,1411.06,16376.0,19.91,11,210,67.34580373764038
1784754010.3964791,35,1411.06,16376.0,19.91,11,210,67.59596109390259
1784754010.6466608,35,1411.06,16376.0,19.96,13,210,67.84614276885986
1784754010.896839,35,1411.06,16376.0,19.96,13,210,68.09632086753845
1784754011.1470149,35,1411.06,16376.0,19.89,9,210,68.34649682044983
1784754011.397165,35,1411.06,16376.0,19.89,9,210,68.59664702415466
1784754011.6472998,35,1411.06,16376.0,19.95,15,210,68.84678173065186
1784754011.8974502,35,1411.06,16376.0,19.95,15,210,69.09693217277527
1784754012.147636,35,1411.06,16376.0,20.02,10,210,69.34711790084839
1784754012.3978271,35,1411.06,16376.0,20.02,10,210,69.59730911254883
1784754012.6479988,35,1411.06,16376.0,19.96,14,210,69.84748077392578
1784754012.898172,35,1411.06,16376.0,19.96,14,210,70.09765386581421
1784754013.1483514,35,1411.06,16376.0,19.99,10,210,70.34783339500427
1784754013.398536,35,1411.06,16376.0,19.99,10,210,70.5980179309845
1784754013.648713,35,1411.06,16376.0,19.98,14,210,70.84819507598877
1784754013.898887,35,1411.06,16376.0,19.98,14,210,71.09836888313293
1784754014.149073,35,1411.06,16376.0,19.87,9,210,71.34855484962463
1784754014.3992622,35,1411.06,16376.0,19.87,9,210,71.59874415397644
1784754014.6494362,35,1411.06,16376.0,20.01,11,210,71.84891819953918
1784754014.8996181,35,1411.06,16376.0,20.01,11,210,72.09910011291504
1784754015.149802,35,1411.06,16376.0,20.2,16,210,72.34928393363953
1784754015.3999937,35,1411.06,16376.0,20.2,16,210,72.59947562217712
1784754015.6501575,35,1411.06,16376.0,20.28,8,210,72.84963941574097
1784754015.9003356,35,1411.06,16376.0,20.28,8,210,73.09981751441956
1784754016.1505218,35,1411.06,16376.0,20.3,18,210,73.35000371932983
1784754016.400698,35,1411.06,16376.0,20.3,18,210,73.60017991065979
1784754016.6508596,35,1411.06,16376.0,20.21,11,210,73.85034155845642
1784754016.9009988,35,1411.06,16376.0,20.21,11,210,74.10048079490662
1784754017.151135,35,1411.06,16376.0,20.01,14,210,74.35061693191528
1784754017.401299,35,1411.06,16376.0,20.01,14,210,74.6007809638977
1784754017.6514509,35,1411.06,16376.0,19.91,7,210,74.85093283653259
1784754017.901596,35,1411.06,16376.0,19.91,7,210,75.10107803344727
1784754018.1517584,35,1411.06,16376.0,19.88,14,210,75.35124039649963
1784754018.4019406,35,1411.06,16376.0,19.88,14,210,75.60142254829407
1784754018.652122,35,1411.06,16376.0,19.78,9,210,75.85160398483276
1784754018.90231,35,1411.06,16376.0,19.78,9,210,76.1017918586731
1784754019.1524606,35,1411.06,16376.0,19.84,17,210,76.35194253921509
1784754019.402639,35,1411.06,16376.0,19.84,17,210,76.60212087631226
1784754019.652798,35,1411.06,16376.0,19.83,7,210,76.85227990150452
1784754019.9029195,35,1411.06,16376.0,19.83,7,210,77.10240149497986
1784754020.1530862,35,1411.06,16376.0,19.78,15,210,77.35256814956665
1784754020.4032536,35,1411.06,16376.0,19.78,15,210,77.60273551940918
1784754020.6534297,35,1411.06,16376.0,19.63,7,210,77.85291171073914
1784754020.9036033,35,1411.06,16376.0,19.63,7,210,78.10308527946472
1784754021.1537561,35,1411.06,16376.0,19.86,16,210,78.35323810577393
1784754021.4039292,35,1411.06,16376.0,19.86,16,210,78.60341119766235
1784754021.6540885,35,1411.06,16376.0,19.99,10,210,78.8535704612732
1784754021.9042542,35,1411.06,16376.0,19.99,10,210,79.10373616218567
1784754022.1544154,35,1411.06,16376.0,20.16,17,210,79.35389733314514
1784754022.4045765,35,1411.06,16376.0,20.16,17,210,79.60405850410461
1784754022.6547463,35,1411.06,16376.0,20.07,11,210,79.85422825813293
1784754022.9049149,35,1411.06,16376.0,20.07,11,210,80.10439682006836
1784754023.1550727,35,1411.06,16376.0,19.96,16,210,80.35455465316772
1784754023.4052505,35,1411.06,16376.0,19.96,16,210,80.60473251342773
1784754023.6554391,35,1411.06,16376.0,20.05,7,210,80.8549211025238
1784754023.9056313,35,1411.06,16376.0,20.05,7,210,81.10511326789856
1784754024.1558063,35,1411.06,16376.0,19.97,14,210,81.35528826713562
1784754024.4059973,35,1411.06,16376.0,19.97,14,210,81.60547924041748
1784754024.6561651,35,1411.06,16376.0,19.94,8,210,81.85564708709717
1784754024.9063454,35,1411.06,16376.0,19.94,8,210,82.10582733154297
1784754025.1565137,35,1411.06,16376.0,19.9,16,210,82.35599565505981
1784754025.406697,35,1411.06,16376.0,19.9,16,210,82.60617899894714
1784754025.6568723,35,1411.06,16376.0,19.89,7,210,82.85635423660278
1784754025.9070616,35,1411.06,16376.0,19.89,7,210,83.10654354095459
1784754026.1572247,35,1411.06,16376.0,19.96,13,210,83.3567066192627
1784754026.4074016,35,1411.06,16376.0,19.96,13,210,83.60688352584839
1784754026.6575665,35,1411.06,16376.0,19.92,7,210,83.85704851150513
1784754026.9077542,35,1411.06,16376.0,19.92,7,210,84.10723614692688
1784754027.1579177,35,1411.06,16376.0,20.01,14,210,84.35739970207214
1784754027.4080708,35,1411.06,16376.0,20.01,14,210,84.60755276679993
1784754027.6582303,35,1411.06,16376.0,19.95,8,210,84.85771226882935
1784754027.9084136,35,1411.06,16376.0,19.95,8,210,85.10789561271667
1784754028.1586027,35,1411.06,16376.0,19.86,14,210,85.3580846786499
1784754028.4087608,35,1411.06,16376.0,19.86,14,210,85.60824275016785
1784754028.6589277,35,1411.06,16376.0,19.74,9,210,85.85840964317322
1784754028.909124,35,1411.06,16376.0,19.74,9,210,86.10860586166382
1784754029.159294,35,1411.06,16376.0,19.67,13,210,86.35877585411072
1784754029.4094515,35,1411.06,16376.0,19.67,13,210,86.6089334487915
1784754029.6596055,35,1411.06,16376.0,19.66,9,210,86.8590874671936
1784754029.909769,35,1411.06,16376.0,19.66,9,210,87.10925102233887
1784754030.1599283,35,1411.06,16376.0,19.71,15,210,87.3594102859497
1784754030.4100792,35,1411.06,16376.0,19.71,15,210,87.60956120491028
1784754030.6602488,35,1411.06,16376.0,19.81,8,210,87.85973072052002
1784754030.9104176,35,1411.06,16376.0,19.81,8,210,88.10989952087402
1784754031.160576,35,1411.06,16376.0,19.87,16,210,88.36005806922913
1784754031.4107265,35,1411.06,16376.0,19.87,16,210,88.61020851135254
1784754031.6608944,35,1411.06,16376.0,19.86,8,210,88.86037635803223
1784754031.9110613,35,1411.06,16376.0,19.86,8,210,89.1105432510376
1784754032.1612206,35,1411.06,16376.0,19.93,14,210,89.36070251464844
1784754032.4113894,35,1411.06,16376.0,19.93,14,210,89.61087131500244
1784754032.6615522,35,1411.06,16376.0,19.85,8,210,89.86103415489197
1784754032.911722,35,1411.06,16376.0,19.85,8,210,90.11120390892029
1784754033.1618855,35,1411.06,16376.0,19.83,12,210,90.36136746406555
1784754033.4120452,35,1411.06,16376.0,19.83,12,210,90.61152720451355
1784754033.662201,35,1411.06,16376.0,19.91,9,210,90.8616828918457
1784754033.9123127,35,1411.06,16376.0,19.91,9,210,91.1117947101593
1784754034.162444,35,1411.06,16376.0,20.13,15,210,91.36192607879639
1784754034.4125764,35,1411.06,16376.0,20.13,15,210,91.61205840110779
1784754034.6627336,35,1411.06,16376.0,20.08,12,210,91.86221551895142
1784754034.9128828,35,1411.06,16376.0,20.08,12,210,92.11236476898193
1784754035.1630402,35,1411.06,16376.0,20.02,15,210,92.36252212524414
1784754035.4132016,35,1411.06,16376.0,20.02,15,210,92.61268353462219
1784754035.6633546,35,1411.06,16376.0,20.05,12,210,92.86283659934998
1784754035.9135113,35,1411.06,16376.0,20.05,12,210,93.11299324035645
1784754036.1636696,35,1411.06,16376.0,20.1,14,210,93.36315155029297
1784754036.4138334,35,1411.06,16376.0,20.1,14,210,93.61331534385681
1784754036.6639922,35,1411.06,16376.0,20.14,7,210,93.8634741306305
1784754036.9141507,35,1411.06,16376.0,20.14,7,210,94.1136326789856
1784754037.1643245,35,1411.06,16376.0,20.05,12,210,94.36380648612976
1784754037.4144838,35,1411.06,16376.0,20.05,12,210,94.6139657497406
1784754037.6646361,35,1411.06,16376.0,19.83,9,210,94.86411809921265
1784754037.9147923,35,1411.06,16376.0,19.83,9,210,95.11427426338196
1784754038.1649501,35,1411.06,16376.0,19.76,8,210,95.36443209648132
1784754038.4151084,35,1411.06,16376.0,19.76,8,210,95.61459040641785
1784754038.6652663,35,1411.06,16376.0,19.86,17,210,95.86474823951721
1784754038.9154253,35,1411.06,16376.0,19.86,17,210,96.11490726470947
1784754039.1655838,35,1411.06,16376.0,19.95,7,210,96.36506581306458
1784754039.415742,35,1411.06,16376.0,19.95,7,210,96.61522388458252
1784754039.6658928,35,1411.06,16376.0,19.89,12,210,96.86537480354309
1784754039.9160743,35,1411.06,16376.0,19.89,12,210,97.11555624008179
1784754040.1662507,35,1411.06,16376.0,19.73,8,210,97.36573266983032
1784754040.4164374,35,1411.06,16376.0,19.73,8,210,97.61591935157776
1784754040.6665995,35,1411.06,16376.0,19.9,14,210,97.86608147621155
1784754040.9167583,35,1411.06,16376.0,19.9,14,210,98.11624026298523
1784754041.1669154,35,1411.06,16376.0,19.96,8,210,98.36639738082886
1784754041.417078,35,1411.06,16376.0,19.96,8,210,98.6165599822998
1784754041.6672437,35,1411.06,16376.0,19.98,16,210,98.86672568321228
1784754041.9174054,35,1411.06,16376.0,19.98,16,210,99.11688733100891
1784754042.1675646,35,1411.06,16376.0,19.95,9,210,99.36704659461975
1784754042.417725,35,1411.06,16376.0,19.95,9,210,99.61720705032349
1784754042.6678832,35,1411.06,16376.0,19.98,13,210,99.86736512184143
1784754042.918039,35,1411.06,16376.0,19.98,13,210,100.11752104759216
1784754043.168207,35,1411.06,16376.0,19.95,12,210,100.36768889427185
1784754043.418387,35,1411.06,16376.0,19.95,12,210,100.61786890029907
1784754043.6685507,35,1411.06,16376.0,20.0,13,210,100.86803269386292
1784754043.9187055,35,1411.06,16376.0,20.0,13,210,101.11818742752075
1784754044.1688635,35,1411.06,16376.0,19.99,11,210,101.3683454990387
1784754044.4190457,35,1411.06,16376.0,19.99,11,210,101.61852765083313
1784754044.6692138,35,1411.06,16376.0,19.92,13,210,101.8686957359314
1784754044.9193733,35,1411.06,16376.0,19.92,13,210,102.11885523796082
1784754045.1695275,35,1411.06,16376.0,19.88,7,210,102.3690094947815
1784754045.4196954,35,1411.06,16376.0,19.88,7,210,102.61917734146118
1784754045.6698558,35,1411.06,16376.0,19.93,14,210,102.86933779716492
1784754045.9200094,35,1411.06,16376.0,19.93,14,210,103.11949133872986
1784754046.1701658,35,1411.06,16376.0,19.81,8,210,103.36964774131775
1784754046.42032,35,1411.06,16376.0,19.81,8,210,103.61980199813843
1784754046.6704845,35,1411.06,16376.0,19.72,14,210,103.86996650695801
1784754046.9206436,35,1411.06,16376.0,19.72,14,210,104.12012553215027
1784754047.1707933,35,1411.06,16376.0,19.57,7,210,104.37027525901794
1784754047.4209454,35,1411.06,16376.0,19.57,7,210,104.62042737007141
1784754047.671103,35,1411.06,16376.0,19.69,15,210,104.8705849647522
1784754047.9212656,35,1411.06,16376.0,19.69,15,210,105.12074756622314
1784754048.1713986,35,1411.06,16376.0,19.83,11,210,105.37088060379028
1784754048.4215596,35,1411.06,16376.0,19.83,11,210,105.62104153633118
1784754048.6717193,35,1411.06,16376.0,19.97,13,210,105.87120127677917
1784754048.9218817,35,1411.06,16376.0,19.97,13,210,106.12136363983154
1784754049.1720417,35,1411.06,16376.0,19.93,12,210,106.37152361869812
1784754049.4221978,35,1411.06,16376.0,19.93,12,210,106.62167978286743
1784754049.6723156,35,1411.06,16376.0,20.01,11,210,106.87179756164551
1784754049.9224768,35,1411.06,16376.0,20.01,11,210,107.12195873260498
1784754050.172631,35,1411.06,16376.0,19.86,8,210,107.37211298942566
1784754050.4227889,35,1411.06,16376.0,19.86,8,210,107.62227082252502
1784754050.6729562,35,1411.06,16376.0,19.94,13,210,107.87243819236755
1784754050.9231122,35,1411.06,16376.0,19.94,13,210,108.12259411811829
1784754051.1732254,35,1411.06,16376.0,20.0,9,210,108.37270736694336
1784754051.4233835,35,1411.06,16376.0,20.0,9,210,108.6228654384613
1784754051.6735413,35,1411.06,16376.0,20.19,15,210,108.87302327156067
1784754051.9237165,35,1411.06,16376.0,20.19,15,210,109.12319850921631
1784754052.1738715,35,1411.06,16376.0,20.22,14,210,109.37335348129272
1784754052.4240248,35,1411.06,16376.0,20.22,14,210,109.62350678443909
1784754052.674182,35,1411.06,16376.0,20.04,12,210,109.87366390228271
1784754052.9243455,35,1411.06,16376.0,20.04,12,210,110.12382745742798
1784754053.174503,35,1411.06,16376.0,20.0,17,210,110.37398505210876
1784754053.4246562,35,1411.06,16376.0,20.0,17,210,110.62413811683655
1784754053.6748123,35,1411.06,16376.0,19.93,9,210,110.87429428100586
1784754053.9249752,35,1411.06,16376.0,19.93,9,210,111.12445712089539
1784754054.1751304,35,1411.06,16376.0,20.04,15,210,111.37461233139038
1784754054.4253137,35,1411.06,16376.0,20.04,15,210,111.62479567527771
1784754054.6754794,35,1411.06,16376.0,20.09,7,210,111.87496137619019
1784754054.9256535,35,1411.06,16376.0,20.09,7,210,112.12513542175293
1784754055.175812,35,1411.06,16376.0,20.13,15,210,112.37529397010803
1784754055.4259887,35,1411.06,16376.0,20.13,15,210,112.62547063827515
1784754055.6761484,35,1411.06,16376.0,19.93,7,210,112.87563037872314
1784754055.9263113,35,1411.06,16376.0,19.93,7,210,113.12579321861267
1784754056.1764684,35,1411.06,16376.0,19.89,16,210,113.3759503364563
1784754056.426631,35,1411.06,16376.0,19.89,16,210,113.62611293792725
1784754056.676794,35,1411.06,16376.0,19.95,9,210,113.87627601623535
1784754056.9269576,35,1411.06,16376.0,19.95,9,210,114.12643957138062
1784754057.1771193,35,1411.06,16376.0,20.09,15,210,114.37660121917725
1784754057.4272857,35,1411.06,16376.0,20.09,15,210,114.62676763534546
1784754057.6774414,35,1411.06,16376.0,19.84,6,210,114.87692332267761
1784754057.927597,35,1411.06,16376.0,19.84,6,210,115.12707901000977
1784754058.1777468,35,1411.06,16376.0,19.83,12,210,115.37722873687744
1784754058.4279063,35,1411.06,16376.0,19.83,12,210,115.62738823890686
1784754058.67806,35,1411.06,16376.0,19.85,11,210,115.87754201889038
1784754058.9282405,35,1411.06,16376.0,19.85,11,210,116.12772250175476
1784754059.1783962,35,1411.06,16376.0,19.76,10,210,116.37787818908691
1784754059.4285803,35,1411.06,16376.0,19.76,10,210,116.62806224822998
1784754059.6787376,35,1411.06,16376.0,19.69,13,210,116.87821960449219
1784754059.9289038,35,1411.06,16376.0,19.69,13,210,117.12838578224182
1784754060.1790824,35,1411.06,16376.0,19.78,10,210,117.37856435775757
1784754060.4292483,35,1411.06,16376.0,19.78,10,210,117.62873029708862
1784754060.679399,35,1411.06,16376.0,19.86,15,210,117.87888097763062
1784754060.9295685,35,1411.06,16376.0,19.86,15,210,118.12905049324036
1784754061.1797495,35,1411.06,16376.0,19.93,8,210,118.3792314529419
1784754061.4299335,35,1411.06,16376.0,19.93,8,210,118.62941551208496
1784754061.680086,35,1411.06,16376.0,20.01,16,210,118.879567861557
1784754061.9302313,35,1411.06,16376.0,20.01,16,210,119.12971329689026
1784754062.1803832,35,1411.06,16376.0,19.97,11,210,119.37986516952515
1784754062.4305408,35,1411.06,16376.0,19.97,11,210,119.63002276420593
1784754062.680689,35,1411.06,16376.0,20.06,15,210,119.88017106056213
1784754062.9308457,35,1411.06,16376.0,20.06,15,210,120.1303277015686
1784754063.1809943,35,1411.06,16376.0,20.07,11,210,120.38047623634338
1784754063.4311538,35,1411.06,16376.0,20.07,11,210,120.6306357383728
1784754063.6813025,35,1411.06,16376.0,20.07,14,210,120.88078451156616
1784754063.9314826,35,1411.06,16376.0,20.07,14,210,121.13096451759338
1784754064.181643,35,1411.06,16376.0,19.97,6,210,121.38112497329712
1784754064.4318044,35,1411.06,16376.0,19.97,6,210,121.63128638267517
1784754064.6819584,35,1411.06,16376.0,19.86,14,210,121.88144040107727
1784754064.9321268,35,1411.06,16376.0,19.86,14,210,122.13160872459412
1784754065.1823137,35,1411.06,16376.0,19.7,7,210,122.38179564476013
1784754065.432481,35,1411.06,16376.0,19.7,7,210,122.63196301460266
1784754065.6826732,35,1411.06,16376.0,19.68,14,210,122.88215517997742
1784754065.9328558,35,1411.06,16376.0,19.68,14,210,123.13233780860901
1784754066.1830285,35,1411.06,16376.0,19.7,10,210,123.38251042366028
1784754066.4332237,35,1411.06,16376.0,19.7,10,210,123.63270568847656
1784754066.6833897,35,1411.06,16376.0,19.75,15,210,123.88287162780762
1784754066.9335427,35,1411.06,16376.0,19.75,15,210,124.1330246925354
1784754067.1837149,35,1411.06,16376.0,19.65,10,210,124.38319683074951
1784754067.4338882,35,1411.06,16376.0,19.65,10,210,124.63337016105652
1784754067.6840496,35,1411.06,16376.0,19.68,16,210,124.88353157043457
1784754067.9342127,35,1411.06,16376.0,19.68,16,210,125.13369464874268
1784754068.1843684,35,1411.06,16376.0,19.73,8,210,125.38385033607483
1784754068.434546,35,1411.06,16376.0,19.73,8,210,125.63402795791626
1784754068.6847363,35,1411.06,16376.0,19.71,14,210,125.88421821594238
1784754068.9349048,35,1411.06,16376.0,19.71,14,210,126.13438677787781
1784754069.1850586,35,1411.06,16376.0,19.65,8,210,126.38454055786133
1784754069.4352205,35,1411.06,16376.0,19.65,8,210,126.63470244407654
1784754069.6853757,35,1411.06,16376.0,19.63,10,210,126.88485765457153
1784754069.9355578,35,1411.06,16376.0,19.63,10,210,127.13503980636597
1784754070.1857154,35,1411.06,16376.0,19.5,10,210,127.38519740104675
1784754070.4358768,35,1411.06,16376.0,19.5,10,210,127.6353588104248
1784754070.6860602,35,1411.06,16376.0,19.42,9,210,127.88554215431213
1784754070.9362478,35,1411.06,16376.0,19.42,9,210,128.1357297897339
1784754071.1864092,35,1411.06,16376.0,19.56,12,210,128.38589119911194
1784754071.4365976,35,1411.06,16376.0,19.56,12,210,128.63607954978943
1784754071.6867979,35,1411.06,16376.0,19.69,7,210,128.88627982139587
1784754071.9369671,35,1411.06,16376.0,19.69,7,210,129.13644909858704
1784754072.1871493,35,1411.06,16376.0,19.85,16,210,129.38663125038147
1784754072.4373045,35,1411.06,16376.0,19.85,16,210,129.63678646087646
1784754072.6874704,35,1411.06,16376.0,19.77,8,210,129.88695240020752
1784754072.937639,35,1411.06,16376.0,19.77,8,210,130.13712096214294
1784754073.187804,35,1411.06,16376.0,19.8,17,210,130.38728594779968
1784754073.4379601,35,1411.06,16376.0,19.8,17,210,130.637442111969
1784754073.6881263,35,1411.06,16376.0,19.92,9,210,130.88760828971863
1784754073.9382927,35,1411.06,16376.0,19.92,9,210,131.13777470588684
1784754074.1884754,35,1411.06,16376.0,19.99,16,210,131.38795733451843
1784754074.4386594,35,1411.06,16376.0,19.99,16,210,131.6381413936615
1784754074.688822,35,1411.06,16376.0,19.93,7,210,131.88830399513245
1784754074.938978,35,1411.06,16376.0,19.93,7,210,132.13845992088318
1784754075.1891203,35,1411.06,16376.0,19.94,12,210,132.3886022567749
1784754075.4392684,35,1411.06,16376.0,19.94,12,210,132.63875031471252
1784754075.6894221,35,1411.06,16376.0,19.81,9,210,132.88890409469604
1784754075.9395854,35,1411.06,16376.0,19.81,9,210,133.13906741142273
1784754076.1897392,35,1411.06,16376.0,19.87,15,210,133.38922119140625
1784754076.4398932,35,1411.06,16376.0,19.87,15,210,133.63937520980835
1784754076.6900575,35,1411.06,16376.0,19.92,8,210,133.88953948020935
1784754076.9402208,35,1411.06,16376.0,19.92,8,210,134.13970279693604
1784754077.1903803,35,1411.06,16376.0,19.86,18,210,134.38986229896545
1784754077.4405365,35,1411.06,16376.0,19.86,18,210,134.64001846313477
1784754077.6906943,35,1411.06,16376.0,19.71,11,210,134.89017629623413
1784754077.940852,35,1411.06,16376.0,19.71,11,210,135.14033389091492
1784754078.1910055,35,1411.06,16376.0,19.77,18,210,135.39048743247986
1784754078.4411638,35,1411.06,16376.0,19.77,18,210,135.64064574241638
1784754078.6913218,35,1411.06,16376.0,19.71,7,210,135.89080381393433
1784754078.941482,35,1411.06,16376.0,19.71,7,210,136.14096403121948
1784754079.1916347,35,1411.06,16376.0,19.74,13,210,136.3911166191101
1784754079.4417892,35,1411.06,16376.0,19.74,13,210,136.64127111434937
1784754079.6919563,35,1411.06,16376.0,19.78,12,210,136.89143824577332
1784754079.942123,35,1411.06,16376.0,19.78,12,210,137.1416049003601
1784754080.1922927,35,1411.06,16376.0,19.85,15,210,137.39177465438843
1784754080.4424343,35,1411.06,16376.0,19.85,15,210,137.6419162750244
1784754080.692588,35,1411.06,16376.0,19.94,8,210,137.89207005500793
1784754080.942749,35,1411.06,16376.0,19.94,8,210,138.14223098754883
1784754081.1929104,35,1411.06,16376.0,20.05,20,210,138.39239239692688
1784754081.4430876,35,1411.06,16376.0,20.05,20,210,138.64256954193115
1784754081.6932528,35,1411.06,16376.0,19.88,7,210,138.89273476600647
1784754081.9434168,35,1411.06,16376.0,19.88,7,210,139.1428987979889
1784754082.1935775,35,1411.06,16376.0,19.82,13,210,139.3930594921112
1784754082.4436972,35,1411.06,16376.0,19.82,13,210,139.64317917823792
1784754082.6938622,35,1411.06,16376.0,19.71,8,210,139.89334416389465
1784754082.944043,35,1411.06,16376.0,19.71,8,210,140.1435248851776
1784754083.1942115,35,1411.06,16376.0,19.65,13,210,140.39369344711304
1784754083.4443753,35,1411.06,16376.0,19.65,13,210,140.64385724067688
1784754083.6945775,35,1411.06,16376.0,19.57,11,210,140.89405941963196
1784754083.9447496,35,1411.06,16376.0,19.57,11,210,141.14423155784607
1784754084.1949086,35,1411.06,16376.0,19.52,10,210,141.39439058303833
1784754084.4450643,35,1411.06,16376.0,19.52,10,210,141.64454627037048
1784754084.6952167,35,1411.06,16376.0,19.59,13,210,141.89469861984253
1784754084.9453819,35,1411.06,16376.0,19.59,13,210,142.14486384391785
1784754085.1955106,35,1411.06,16376.0,19.65,8,210,142.39499258995056
1784754085.4456728,35,1411.06,16376.0,19.65,8,210,142.64515471458435
1784754085.695848,35,1411.06,16376.0,19.74,16,210,142.89532995224
1784754085.9460113,35,1411.06,16376.0,19.74,16,210,143.14549326896667
1784754086.1961675,35,1411.06,16376.0,19.65,7,210,143.395649433136
1784754086.4463081,35,1411.06,16376.0,19.65,7,210,143.64579010009766
1784754086.696464,35,1411.06,16376.0,19.6,14,210,143.8959460258484
1784754086.9465837,35,1411.06,16376.0,19.6,14,210,144.1460657119751
1784754087.1967442,35,1411.06,16376.0,19.52,8,210,144.39622616767883
1784754087.4469259,35,1411.06,16376.0,19.52,8,210,144.6464078426361
1784754087.6970894,35,1411.06,16376.0,19.55,15,210,144.89657139778137
1784754087.947248,35,1411.06,16376.0,19.55,15,210,145.14672994613647
1784754088.1974053,35,1411.06,16376.0,19.63,10,210,145.39688730239868
1784754088.4475834,35,1411.06,16376.0,19.63,10,210,145.64706540107727
1784754088.6977427,35,1411.06,16376.0,19.66,13,210,145.8972246646881
1784754088.9479094,35,1411.06,16376.0,19.66,13,210,146.1473913192749
1784754089.1980693,35,1411.06,16376.0,19.73,9,210,146.39755129814148
1784754089.4482594,35,1411.06,16376.0,19.73,9,210,146.64774131774902
1784754089.698443,35,1411.06,16376.0,19.86,15,210,146.89792490005493
1784754089.9486175,35,1411.06,16376.0,19.86,15,210,147.14809942245483
1784754090.1987705,35,1411.06,16376.0,19.93,8,210,147.39825248718262
1784754090.4489298,35,1411.06,16376.0,19.93,8,210,147.64841175079346
1784754090.6991076,35,1411.06,16376.0,20.0,17,210,147.89858961105347
1784754090.9492857,35,1411.06,16376.0,20.0,17,210,148.14876770973206
1784754091.1994507,35,1411.06,16376.0,19.94,8,210,148.3989326953888
1784754091.4496124,35,1411.06,16376.0,19.94,8,210,148.64909434318542
1784754091.6998107,35,1411.06,16376.0,19.93,14,210,148.89929270744324
1784754091.9499636,35,1411.06,16376.0,19.93,14,210,149.14944553375244
1784754092.2001219,35,1411.06,16376.0,19.93,11,210,149.39960384368896
1784754092.4502642,35,1411.06,16376.0,19.93,11,210,149.6497461795807
1784754092.7004218,35,1411.06,16376.0,19.9,14,210,149.89990377426147
1784754092.9505937,35,1411.06,16376.0,19.9,14,210,150.150075674057
1784754093.200759,35,1411.06,16376.0,19.96,11,210,150.40024089813232
1784754093.450915,35,1411.06,16376.0,19.96,11,210,150.65039706230164
1784754093.7010658,35,1411.06,16376.0,19.95,15,210,150.90054774284363
1784754093.9512174,35,1411.06,16376.0,19.95,15,210,151.15069937705994
1784754094.2013874,35,1411.06,16376.0,19.86,10,210,151.40086936950684
1784754094.4515464,35,1411.06,16376.0,19.86,10,210,151.6510283946991
1784754094.7016976,35,1411.06,16376.0,19.9,14,210,151.90117955207825
1784754094.9518502,35,1411.06,16376.0,19.9,14,210,152.15133213996887
1784754095.2020054,35,1411.06,16376.0,19.85,7,210,152.40148735046387
1784754095.4521837,35,1411.06,16376.0,19.85,7,210,152.65166568756104
1784754095.7023225,35,1411.06,16376.0,19.81,16,210,152.90180444717407
1784754095.9524822,35,1411.06,16376.0,19.81,16,210,153.15196418762207
1784754096.2026384,35,1411.06,16376.0,19.86,10,210,153.40212035179138
1784754096.4528146,35,1411.06,16376.0,19.86,10,210,153.65229654312134
1784754096.702969,35,1411.06,16376.0,20.05,18,210,153.9024510383606
1784754096.9531193,35,1411.06,16376.0,20.05,18,210,154.15260124206543
1784754097.2032664,35,1411.06,16376.0,20.15,11,210,154.40274834632874
1784754097.4534264,35,1411.06,16376.0,20.15,11,210,154.6529083251953
1784754097.703581,35,1411.06,16376.0,20.15,16,210,154.90306305885315
1784754097.9537451,35,1411.06,16376.0,20.15,16,210,155.15322709083557
1784754098.2039094,35,1411.06,16376.0,20.11,8,210,155.40339136123657
1784754098.4540756,35,1411.06,16376.0,20.11,8,210,155.6535575389862
1784754098.70425,35,1411.06,16376.0,20.09,15,210,155.9037320613861
1784754098.9544113,35,1411.06,16376.0,20.09,15,210,156.15389323234558
1784754099.2045708,35,1411.06,16376.0,19.96,7,210,156.404052734375
1784754099.4547298,35,1411.06,16376.0,19.96,7,210,156.65421175956726
1784754099.7048864,35,1411.06,16376.0,19.93,12,210,156.90436840057373
1784754099.9550421,35,1411.06,16376.0,19.93,12,210,157.15452408790588
1784754100.2051983,35,1411.06,16376.0,19.83,8,210,157.4046802520752
1784754100.455386,35,1411.06,16376.0,19.83,8,210,157.65486788749695
1784754100.7055492,35,1411.06,16376.0,19.86,16,210,157.90503120422363
1784754100.9557083,35,1411.06,16376.0,19.86,16,210,158.1551902294159
1784754101.2058642,35,1411.06,16376.0,19.75,7,210,158.40534615516663
1784754101.456037,35,1411.06,16376.0,19.75,7,210,158.65551900863647
1784754101.7062006,35,1411.06,16376.0,19.7,14,210,158.90568256378174
1784754101.9563076,35,1411.06,16376.0,19.7,14,210,159.15578961372375
1784754102.206456,34,1411.06,16376.0,19.57,8,210,159.40593791007996
1784754102.4566126,34,1411.06,16376.0,19.57,8,210,159.65609455108643
1784754102.7067502,35,1411.06,16376.0,19.6,11,210,159.90623211860657
1784754102.9569116,35,1411.06,16376.0,19.6,11,210,160.15639352798462
1784754103.2070699,34,1411.06,16376.0,19.7,16,210,160.40655183792114
1784754103.4572308,34,1411.06,16376.0,19.7,16,210,160.65671277046204
1784754103.7074249,35,1411.06,16376.0,19.69,7,210,160.90690684318542
1784754103.9575849,35,1411.06,16376.0,19.69,7,210,161.157066822052
1784754104.2077384,34,1411.06,16376.0,19.61,13,210,161.40722036361694
1784754104.4579127,34,1411.06,16376.0,19.61,13,210,161.65739464759827
1784754104.708073,34,1411.06,16376.0,19.58,10,210,161.90755486488342
1784754104.9582038,34,1411.06,16376.0,19.58,10,210,162.15768575668335
1784754105.2083085,35,1411.06,16376.0,19.77,14,210,162.40779042243958
1784754105.4584703,35,1411.06,16376.0,19.77,14,210,162.65795230865479
1784754105.7086446,34,1411.06,16376.0,19.7,8,210,162.9081265926361
1784754105.9588065,34,1411.06,16376.0,19.7,8,210,163.15828847885132
1784754106.208968,34,1411.06,16376.0,19.71,12,210,163.40844988822937
1784754106.4591227,34,1411.06,16376.0,19.71,12,210,163.6586046218872
1784754106.7092867,35,1411.06,16376.0,19.79,8,210,163.90876865386963
1784754106.9594498,35,1411.06,16376.0,19.79,8,210,164.15893173217773
1784754107.2096076,35,1411.06,16376.0,19.87,18,210,164.4090895652771
1784754107.459765,35,1411.06,16376.0,19.87,18,210,164.6592469215393
1784754107.7099295,34,1411.06,16376.0,19.84,7,210,164.9094114303589
1784754107.9600928,34,1411.06,16376.0,19.84,7,210,165.15957474708557
1784754108.2102537,35,1411.06,16376.0,20.02,14,210,165.40973567962646
1784754108.4604173,35,1411.06,16376.0,20.02,14,210,165.65989923477173
1784754108.7105744,35,1411.06,16376.0,19.98,10,210,165.91005635261536
1784754108.9607346,35,1411.06,16376.0,19.98,10,210,166.1602165699005
1784754109.2108917,35,1411.06,16376.0,20.0,13,210,166.41037368774414
1784754109.4610505,35,1411.06,16376.0,20.0,13,210,166.66053247451782
1784754109.7112179,34,1411.06,16376.0,20.0,17,210,166.91069984436035
1784754109.9613745,34,1411.06,16376.0,20.0,17,210,167.16085648536682
1784754110.2115512,35,1411.06,16376.0,19.95,8,210,167.41103315353394
1784754110.4617176,35,1411.06,16376.0,19.95,8,210,167.66119956970215
1784754110.7118669,35,1411.06,16376.0,19.91,14,210,167.91134881973267
1784754110.962023,35,1411.06,16376.0,19.91,14,210,168.16150498390198
1784754111.2121832,35,1411.06,16376.0,19.76,8,210,168.41166520118713
1784754111.4623716,35,1411.06,16376.0,19.76,8,210,168.66185355186462
1784754111.712543,34,1411.06,16376.0,19.77,13,210,168.912024974823
1784754111.9627025,34,1411.06,16376.0,19.77,13,210,169.16218447685242
1784754112.2128615,34,1411.06,16376.0,19.79,8,210,169.41234350204468
1784754112.4630454,34,1411.06,16376.0,19.79,8,210,169.66252732276917
1784754112.7132068,34,1411.06,16376.0,19.84,17,210,169.91268873214722
1784754112.9633877,34,1411.06,16376.0,19.84,17,210,170.16286969184875
1784754113.2135782,34,1411.06,16376.0,19.92,10,210,170.41306018829346
1784754113.4638047,34,1411.06,16376.0,19.92,10,210,170.6632866859436
1784754113.713962,34,1411.06,16376.0,19.9,13,210,170.9134440422058
1784754113.9641228,34,1411.06,16376.0,19.9,13,210,171.16360473632812
1784754114.2142901,34,1411.06,16376.0,19.81,10,210,171.41377210617065
1784754114.4644046,34,1411.06,16376.0,19.81,10,210,171.66388654708862
1784754114.7145524,34,1411.06,16376.0,19.89,15,210,171.91403436660767
1784754114.9647095,34,1411.06,16376.0,19.89,15,210,172.1641914844513
1784754115.2148688,34,1411.06,16376.0,20.05,11,210,172.41435074806213
1784754115.4650142,34,1411.06,16376.0,20.05,11,210,172.66449618339539
1784754115.7151718,35,1411.06,16376.0,20.08,14,210,172.91465377807617
1784754115.9653094,35,1411.06,16376.0,20.08,14,210,173.1647913455963
1784754116.2154732,34,1411.06,16376.0,20.06,11,210,173.41495513916016
1784754116.4656632,34,1411.06,16376.0,20.06,11,210,173.6651451587677
1784754116.7158194,34,1411.06,16376.0,20.09,15,210,173.915301322937
1784754116.9659746,34,1411.06,16376.0,20.09,15,210,174.165456533432
1784754117.2161238,34,1411.06,16376.0,20.05,10,210,174.41560578346252
1784754117.4663107,34,1411.06,16376.0,20.05,10,210,174.66579270362854
1784754117.716473,34,1411.06,16376.0,20.02,18,210,174.9159550666809
1784754117.966629,34,1411.06,16376.0,20.02,18,210,175.16611099243164
1784754118.216787,34,1411.06,16376.0,19.91,7,210,175.41626906394958
1784754118.466971,34,1411.06,16376.0,19.91,7,210,175.66645288467407
1784754118.7171295,34,1411.06,16376.0,19.86,12,210,175.91661143302917
1784754118.9672875,34,1411.06,16376.0,19.86,12,210,176.16676950454712
1784754119.21745,34,1411.06,16376.0,19.81,9,210,176.4169318675995
1784754119.4676077,34,1411.06,16376.0,19.81,9,210,176.66708970069885
1784754119.7177594,34,1411.06,16376.0,19.82,13,210,176.91724133491516
1784754119.9679117,34,1411.06,16376.0,19.82,13,210,177.1673936843872
1784754120.2180617,34,1411.06,16376.0,19.86,14,210,177.41754364967346
1784754120.4682415,34,1411.06,16376.0,19.86,14,210,177.6677234172821
1784754120.7183838,34,1411.06,16376.0,19.79,8,210,177.91786575317383
1784754120.968538,34,1411.06,16376.0,19.79,8,210,178.1680200099945
1784754121.218688,34,1411.06,16376.0,19.67,14,210,178.41816997528076
1784754121.468866,34,1411.06,16376.0,19.67,14,210,178.66834807395935
1784754121.7190237,34,1411.06,16376.0,19.64,7,210,178.91850566864014
1784754121.969172,34,1411.06,16376.0,19.64,7,210,179.16865396499634
1784754122.219323,34,1411.06,16376.0,19.61,16,210,179.4188048839569
1784754122.4694881,34,1411.06,16376.0,19.61,16,210,179.66897010803223
1784754122.7196465,34,1411.06,16376.0,19.57,7,210,179.91912841796875
1784754122.9697988,34,1411.06,16376.0,19.57,7,210,180.1692807674408
1784754123.2199705,34,1411.06,16376.0,19.69,14,210,180.41945242881775
1784754123.4701378,34,1411.06,16376.0,19.69,14,210,180.66961979866028
1784754123.7203267,34,1411.06,16376.0,19.66,7,210,180.91980862617493
1784754123.9705133,34,1411.06,16376.0,19.66,7,210,181.16999530792236
1784754124.2206943,34,1411.06,16376.0,19.66,15,210,181.4201762676239
1784754124.4708767,34,1411.06,16376.0,19.66,15,210,181.6703586578369
1784754124.721045,34,1411.06,16376.0,19.61,8,210,181.92052698135376
1784754124.971213,34,1411.06,16376.0,19.61,8,210,182.17069506645203
1784754125.2213795,34,1411.06,16376.0,19.69,14,210,182.42086148262024
1784754125.4715464,34,1411.06,16376.0,19.69,14,210,182.6710283756256
1784754125.7217305,34,1411.06,16376.0,19.86,10,210,182.92121243476868
1784754125.971915,34,1411.06,16376.0,19.86,10,210,183.1713969707489
1784754126.22208,34,1411.06,16376.0,19.88,12,210,183.42156195640564
1784754126.4722412,34,1411.06,16376.0,19.88,12,210,183.6717231273651
1784754126.7224026,34,1411.06,16376.0,19.8,8,210,183.92188453674316
1784754126.9725645,34,1411.06,16376.0,19.8,8,210,184.17204642295837
1784754127.2227225,34,1411.06,16376.0,19.85,7,210,184.42220449447632
1784754127.4728694,34,1411.06,16376.0,19.85,7,210,184.67235136032104
1784754127.7230217,34,1411.06,16376.0,20.0,15,210,184.9225037097931
1784754127.9731786,34,1411.06,16376.0,20.0,15,210,185.17266058921814
1784754128.2233047,34,1411.06,16376.0,19.98,10,210,185.42278671264648
1784754128.4734592,34,1411.06,16376.0,19.98,10,210,185.67294120788574
1784754128.7236137,34,1411.06,16376.0,20.05,18,210,185.923095703125
1784754128.9737751,34,1411.06,16376.0,20.05,18,210,186.17325711250305
1784754129.2239366,34,1411.06,16376.0,20.16,10,210,186.4234185218811
1784754129.4740908,34,1411.06,16376.0,20.16,10,210,186.67357277870178
1784754129.7242486,34,1411.06,16376.0,20.07,17,210,186.92373061180115
1784754129.9744086,34,1411.06,16376.0,20.07,17,210,187.17389059066772
1784754130.2245855,34,1411.06,16376.0,20.01,7,210,187.42406749725342
1784754130.4747512,34,1411.06,16376.0,20.01,7,210,187.6742331981659
1784754130.7249088,34,1411.06,16376.0,19.97,13,210,187.92439079284668
1784754130.9750683,34,1411.06,16376.0,19.97,13,210,188.1745502948761
1784754131.2252448,34,1411.06,16376.0,19.91,10,210,188.42472672462463
1784754131.4754088,34,1411.06,16376.0,19.91,10,210,188.67489075660706
1784754131.7255871,34,1411.06,16376.0,19.81,14,210,188.92506909370422
1784754131.975757,34,1411.06,16376.0,19.81,14,210,189.17523884773254
1784754132.2259154,34,1411.06,16376.0,19.77,11,210,189.42539739608765
1784754132.4760702,34,1411.06,16376.0,19.77,11,210,189.67555212974548
1784754132.7262216,34,1411.06,16376.0,19.97,18,210,189.9257035255432
1784754132.9763522,34,1411.06,16376.0,19.97,18,210,190.17583417892456
1784754133.2265394,34,1411.06,16376.0,20.05,11,210,190.42602133750916
1784754133.476694,34,1411.06,16376.0,20.05,11,210,190.676176071167
1784754133.7268386,34,1411.06,16376.0,20.05,13,210,190.92632055282593
1784754133.977005,34,1411.06,16376.0,20.05,13,210,191.17648696899414
1784754134.2271683,34,1411.06,16376.0,19.91,8,210,191.42665028572083
1784754134.477339,34,1411.06,16376.0,19.91,8,210,191.67682099342346
1784754134.7274969,34,1411.06,16376.0,19.71,13,210,191.92697882652283
1784754134.9776585,34,1411.06,16376.0,19.71,13,210,192.17714047431946
1784754135.2278183,34,1411.06,16376.0,19.63,8,210,192.42730021476746
1784754135.4779742,34,1411.06,16376.0,19.63,8,210,192.6774561405182
1784754135.7281423,34,1411.06,16376.0,19.84,17,210,192.92762422561646
1784754135.9783027,34,1411.06,16376.0,19.84,17,210,193.1777846813202
1784754136.2284596,34,1411.06,16376.0,19.94,11,210,193.42794156074524
1784754136.4786227,34,1411.06,16376.0,19.94,11,210,193.67810463905334
1784754136.728735,34,1411.06,16376.0,19.95,13,210,193.9282169342041
1784754136.978886,34,1411.06,16376.0,19.95,13,210,194.17836785316467
1784754137.2290385,34,1411.06,16376.0,19.91,8,210,194.4285204410553
1784754137.4791987,34,1411.06,16376.0,19.91,8,210,194.67868065834045
1784754137.7293088,34,1411.06,16376.0,20.02,19,210,194.928790807724
1784754137.979465,34,1411.06,16376.0,20.02,19,210,195.1789469718933
1784754138.229637,34,1411.06,16376.0,20.1,10,210,195.42911887168884
1784754138.479831,34,1411.06,16376.0,20.1,10,210,195.67931294441223
1784754138.7299852,34,1411.06,16376.0,20.07,12,210,195.9294672012329
1784754138.9801424,34,1411.06,16376.0,20.07,12,210,196.17962431907654
1784754139.2302961,34,1411.06,16376.0,19.9,9,210,196.42977809906006
1784754139.4804695,34,1411.06,16376.0,19.9,9,210,196.67995142936707
1784754139.73063,34,1411.06,16376.0,19.77,7,210,196.9301118850708
1784754139.9807827,34,1411.06,16376.0,19.77,7,210,197.18026471138
1784754140.2309396,34,1411.06,16376.0,19.82,14,210,197.43042159080505
1784754140.4811013,34,1411.06,16376.0,19.82,14,210,197.68058323860168
1784754140.7312603,34,1411.06,16376.0,19.77,7,210,197.93074226379395
1784754140.9814146,34,1411.06,16376.0,19.77,7,210,198.18089652061462
1784754141.2315888,34,1411.06,16376.0,19.61,14,210,198.43107080459595
1784754141.481755,34,1411.06,16376.0,19.61,14,210,198.68123698234558
1784754141.7318811,34,1411.06,16376.0,19.58,10,210,198.93136310577393
1784754141.9820402,34,1411.06,16376.0,19.58,10,210,199.1815221309662
1784754142.232197,34,1411.06,16376.0,19.69,15,210,199.43167901039124
1784754142.4824448,34,1411.06,16376.0,19.69,15,210,199.68192672729492
1784754142.7326052,34,1411.06,16376.0,19.67,7,210,199.93208718299866
1784754142.982775,34,1411.06,16376.0,19.67,7,210,200.18225693702698
1784754143.232934,34,1411.06,16376.0,19.72,17,210,200.43241596221924
1784754143.483095,34,1411.06,16376.0,19.72,17,210,200.68257689476013
1784754143.7332563,34,1411.06,16376.0,19.75,12,210,200.93273830413818
1784754143.9834414,34,1411.06,16376.0,19.75,12,210,201.18292331695557
1784754144.2335997,34,1411.06,16376.0,19.93,13,210,201.4330816268921
1784754144.48376,34,1411.06,16376.0,19.93,13,210,201.68324208259583
1784754144.7339222,34,1411.06,16376.0,19.94,7,210,201.93340420722961
1784754144.984087,34,1411.06,16376.0,19.94,7,210,202.18356895446777
1784754145.2342417,34,1411.06,16376.0,19.85,16,210,202.4337236881256
1784754145.4844024,34,1411.06,16376.0,19.85,16,210,202.68388438224792
1784754145.7345674,34,1411.06,16376.0,19.84,10,210,202.93404936790466
1784754145.984723,34,1411.06,16376.0,19.84,10,210,203.18420505523682
1784754146.2348762,34,1411.06,16376.0,19.93,13,210,203.4343581199646
1784754146.485048,34,1411.06,16376.0,19.93,13,210,203.68453001976013
1784754146.7352154,34,1411.06,16376.0,19.89,11,210,203.93469738960266
1784754146.9853747,34,1411.06,16376.0,19.89,11,210,204.1848566532135
1784754147.235542,34,1411.06,16376.0,19.89,16,210,204.43502402305603
1784754147.4857204,34,1411.06,16376.0,19.89,16,210,204.6852023601532
1784754147.7359009,34,1411.06,16376.0,19.9,15,210,204.93538284301758
1784754147.9860613,34,1411.06,16376.0,19.9,15,210,205.1855432987213
1784754148.2362428,34,1411.06,16376.0,19.93,13,210,205.43572473526
1784754148.4864478,34,1411.06,16376.0,19.93,13,210,205.68592977523804
1784754148.7366095,34,1411.06,16376.0,19.84,8,210,205.93609142303467
1784754148.9867933,34,1411.06,16376.0,19.84,8,210,206.18627524375916
1784754149.2369778,34,1411.06,16376.0,19.82,9,210,206.43645977973938
1784754149.48716,34,1411.06,16376.0,19.82,9,210,206.6866419315338
1784754149.7373118,34,1411.06,16376.0,19.83,15,210,206.9367938041687
1784754149.9874697,34,1411.06,16376.0,19.83,15,210,207.18695163726807
1784754150.2376242,34,1411.06,16376.0,19.72,7,210,207.43710613250732
1784754150.4877758,34,1411.06,16376.0,19.72,7,210,207.68725776672363
1784754150.7379234,34,1411.06,16376.0,19.58,14,210,207.9374053478241
1784754150.9880993,34,1411.06,16376.0,19.58,14,210,208.18758130073547
1784754151.2382941,34,1411.06,16376.0,19.55,9,210,208.4377760887146
1784754151.4884722,34,1411.06,16376.0,19.55,9,210,208.6879541873932
1784754151.738656,34,1411.06,16376.0,19.67,17,210,208.93813800811768
1784754151.9888446,34,1411.06,16376.0,19.67,17,210,209.18832659721375
1784754152.2390277,34,1411.06,16376.0,19.66,8,210,209.4385097026825
1784754152.4891927,34,1411.06,16376.0,19.66,8,210,209.68867468833923
1784754152.7393746,34,1411.06,16376.0,19.75,13,210,209.9388566017151
1784754152.9895446,34,1411.06,16376.0,19.75,13,210,210.189026594162
1784754153.2397041,34,1411.06,16376.0,19.9,10,210,210.4391860961914
1784754153.4898598,34,1411.06,16376.0,19.9,10,210,210.68934178352356
1784754153.740012,34,1411.06,16376.0,19.92,17,210,210.93949389457703
1784754153.9901836,34,1411.06,16376.0,19.92,17,210,211.18966555595398
1784754154.240313,34,1411.06,16376.0,19.85,10,210,211.43979501724243
1784754154.4904928,34,1411.06,16376.0,19.85,10,210,211.68997478485107
1784754154.7406473,34,1411.06,16376.0,19.93,14,210,211.94012928009033
1784754154.9908137,34,1411.06,16376.0,19.93,14,210,212.19029569625854
1784754155.2409725,34,1411.06,16376.0,19.98,11,210,212.44045448303223
1784754155.4911525,34,1411.06,16376.0,19.98,11,210,212.69063448905945
1784754155.7413156,34,1411.06,16376.0,20.05,13,210,212.94079756736755
1784754155.9914649,34,1411.06,16376.0,20.05,13,210,213.19094681739807
1784754156.2415907,34,1411.06,16376.0,19.99,8,210,213.44107270240784
1784754156.4917486,34,1411.06,16376.0,19.99,8,210,213.6912305355072
1784754156.7419033,34,1411.06,16376.0,20.01,16,210,213.94138526916504
1784754156.9920578,34,1411.06,16376.0,20.01,16,210,214.1915397644043
1784754157.2422113,34,1411.06,16376.0,20.01,19,210,214.44169330596924
1784754157.4923804,34,1411.06,16376.0,20.01,19,210,214.69186234474182
1784754157.7425425,34,1411.06,16376.0,20.06,7,210,214.9420244693756
1784754157.9926932,34,1411.06,16376.0,20.06,7,210,215.1921751499176
1784754158.242803,34,1411.06,16376.0,20.05,17,210,215.44228506088257
1784754158.4929595,34,1411.06,16376.0,20.05,17,210,215.69244146347046
1784754158.7431128,34,1411.06,16376.0,20.05,7,210,215.94259476661682
1784754158.9932816,34,1411.06,16376.0,20.05,7,210,216.19276356697083
1784754159.2434487,34,1411.06,16376.0,19.93,13,210,216.44293069839478
1784754159.4936254,34,1411.06,16376.0,19.93,13,210,216.6931073665619
1784754159.743793,34,1411.06,16376.0,19.8,7,210,216.943274974823
1784754159.9939463,34,1411.06,16376.0,19.8,7,210,217.19342827796936
1784754160.2441041,34,1411.06,16376.0,19.73,13,210,217.44358611106873
1784754160.4942865,34,1411.06,16376.0,19.73,13,210,217.69376850128174
1784754160.7444482,34,1411.06,16376.0,19.61,9,210,217.94393014907837
1784754160.9946322,34,1411.06,16376.0,19.61,9,210,218.19411420822144
1784754161.2447903,34,1411.06,16376.0,19.74,15,210,218.44427227973938
1784754161.4949489,34,1411.06,16376.0,19.74,15,210,218.69443082809448
1784754161.7451043,34,1411.06,16376.0,19.87,8,210,218.94458627700806
1784754161.9952579,34,1411.06,16376.0,19.87,8,210,219.194739818573
1784754162.245408,34,1411.06,16376.0,19.84,13,210,219.44489002227783
1784754162.495567,34,1411.06,16376.0,19.84,13,210,219.6950490474701
1784754162.7457192,34,1411.06,16376.0,19.74,10,210,219.94520115852356
1784754162.9958756,34,1411.06,16376.0,19.74,10,210,220.19535756111145
1784754163.2460248,34,1411.06,16376.0,19.73,14,210,220.44550681114197
1784754163.4961843,34,1411.06,16376.0,19.73,14,210,220.6956663131714
1784754163.746332,34,1411.06,16376.0,19.75,7,210,220.94581389427185
1784754163.9965043,34,1411.06,16376.0,19.75,7,210,221.19598627090454
1784754164.2466824,34,1411.06,16376.0,19.83,17,210,221.44616436958313
1784754164.4968693,34,1411.06,16376.0,19.83,17,210,221.69635128974915
1784754164.747033,34,1411.06,16376.0,19.85,7,210,221.946515083313
1784754164.997198,34,1411.06,16376.0,19.85,7,210,222.19668006896973
1784754165.247308,34,1411.06,16376.0,19.88,19,210,222.4467899799347
1784754165.497473,34,1411.06,16376.0,19.88,19,210,222.69695496559143
1784754165.7476377,34,1411.06,16376.0,19.94,8,210,222.9471197128296
1784754165.997808,34,1411.06,16376.0,19.94,8,210,223.19728994369507
1784754166.2479765,34,1411.06,16376.0,19.97,17,210,223.4474585056305
1784754166.498131,34,1411.06,16376.0,19.97,17,210,223.69761300086975
1784754166.7482903,34,1411.06,16376.0,19.86,9,210,223.9477722644806
1784754166.9984665,34,1411.06,16376.0,19.86,9,210,224.19794845581055
1784754167.2486188,34,1411.06,16376.0,19.68,8,210,224.4481008052826
1784754167.4987965,34,1411.06,16376.0,19.68,8,210,224.69827842712402
1784754167.748959,34,1411.06,16376.0,19.83,17,210,224.94844102859497
1784754167.999112,34,1411.06,16376.0,19.83,17,210,225.19859385490417
1784754168.249269,34,1411.06,16376.0,19.91,8,210,225.4487509727478
1784754168.4994233,34,1411.06,16376.0,19.91,8,210,225.69890522956848
1784754168.7495737,34,1411.06,16376.0,19.84,12,210,225.9490556716919
1784754168.9997315,34,1411.06,16376.0,19.84,12,210,226.19921350479126
1784754169.2498865,34,1411.06,16376.0,19.76,10,210,226.44936847686768
1784754169.5000334,34,1411.06,16376.0,19.76,10,210,226.6995153427124
1784754169.7501812,34,1411.06,16376.0,19.77,14,210,226.94966316223145
1784754170.0003533,34,1411.06,16376.0,19.77,14,210,227.19983530044556
1784754170.2505114,34,1411.06,16376.0,19.7,9,210,227.4499933719635
1784754170.5006688,34,1411.06,16376.0,19.7,9,210,227.7001507282257
1784754170.750828,34,1411.06,16376.0,19.63,15,210,227.95030999183655
1784754171.0009887,34,1411.06,16376.0,19.63,15,210,228.20047068595886
1784754171.251142,34,1411.06,16376.0,19.57,7,210,228.45062398910522
1784754171.5013006,34,1411.06,16376.0,19.57,7,210,228.70078253746033
1784754171.7514493,34,1411.06,16376.0,19.66,15,210,228.9509313106537
1784754172.0016043,34,1411.06,16376.0,19.66,15,210,229.2010862827301
1784754172.2517724,34,1411.06,16376.0,19.68,7,210,229.45125436782837
1784754172.5019307,34,1411.06,16376.0,19.68,7,210,229.7014126777649
1784754172.7521093,34,1411.06,16376.0,19.65,14,210,229.95159125328064
1784754173.0022829,34,1411.06,16376.0,19.65,14,210,230.20176482200623
1784754173.2524478,34,1411.06,16376.0,19.7,7,210,230.45192980766296
1784754173.5026028,34,1411.06,16376.0,19.7,7,210,230.70208477973938
1784754173.7527754,34,1411.06,16376.0,19.93,15,210,230.95225739479065
1784754174.0029416,34,1411.06,16376.0,19.93,15,210,231.20242357254028
1784754174.2530997,34,1411.06,16376.0,20.0,11,210,231.45258164405823
1784754174.5032759,34,1411.06,16376.0,20.0,11,210,231.70275783538818
1784754174.7534475,34,1411.06,16376.0,19.98,13,210,231.95292949676514
1784754175.0036168,34,1411.06,16376.0,19.98,13,210,232.2030987739563
1784754175.2537742,34,1411.06,16376.0,19.75,11,210,232.4532561302185
1784754175.5039396,34,1411.06,16376.0,19.75,11,210,232.7034215927124
1784754175.7540975,34,1411.06,16376.0,19.87,15,210,232.95357942581177
1784754176.0042596,34,1411.06,16376.0,19.87,15,210,233.20374155044556
1784754176.254415,34,1411.06,16376.0,19.94,8,210,233.45389699935913
1784754176.504593,34,1411.06,16376.0,19.94,8,210,233.70407485961914
1784754176.7547572,34,1411.06,16376.0,19.84,13,210,233.95423913002014
1784754177.0049343,34,1411.06,16376.0,19.84,13,210,234.2044162750244
1784754177.25512,34,1411.06,16376.0,19.81,12,210,234.45460200309753
1784754177.505316,34,1411.06,16376.0,19.81,12,210,234.70479798316956
1784754177.7554991,34,1411.06,16376.0,19.86,12,210,234.9549810886383
1784754178.0056765,34,1411.06,16376.0,19.86,12,210,235.20515847206116
1784754178.2558537,34,1411.06,16376.0,19.98,14,210,235.45533561706543
1784754178.5060186,34,1411.06,16376.0,19.98,14,210,235.70550060272217
1784754178.7561731,34,1411.06,16376.0,19.89,10,210,235.95565509796143
1784754179.0063114,34,1411.06,16376.0,19.89,10,210,236.2057933807373
1784754179.256477,34,1411.06,16376.0,19.97,15,210,236.45595908164978
1784754179.5066621,34,1411.06,16376.0,19.97,15,210,236.70614409446716
1784754179.7568357,34,1411.06,16376.0,20.02,14,210,236.95631766319275
1784754180.007012,34,1411.06,16376.0,20.02,14,210,237.2064938545227
1784754180.2571948,34,1411.06,16376.0,19.87,13,210,237.45667672157288
1784754180.507317,34,1411.06,16376.0,19.87,13,210,237.70679903030396
1784754180.7574687,34,1411.06,16376.0,19.76,14,210,237.95695066452026
1784754181.0076401,34,1411.06,16376.0,19.76,14,210,238.20712208747864
1784754181.2578087,34,1411.06,16376.0,19.67,7,210,238.45729064941406
1784754181.5079868,34,1411.06,16376.0,19.67,7,210,238.70746874809265
1784754181.7581706,34,1411.06,16376.0,19.71,15,210,238.95765256881714
1784754182.0083597,34,1411.06,16376.0,19.71,15,210,239.20784163475037
1784754182.258553,34,1411.06,16376.0,19.78,7,210,239.45803499221802
1784754182.5087464,34,1411.06,16376.0,19.78,7,210,239.70822834968567
1784754182.7589357,34,1411.06,16376.0,19.92,16,210,239.95841765403748
1784754183.0091197,34,1411.06,16376.0,19.92,16,210,240.20860171318054
1784754183.2592974,34,1411.06,16376.0,19.81,9,210,240.45877933502197
1784754183.5094573,34,1411.06,16376.0,19.92,9,210,240.70893931388855
1784754183.7596376,34,1411.06,16376.0,19.92,16,210,240.95911955833435
1784754184.0098145,34,1411.06,16376.0,19.94,16,210,241.20929646492004
1784754184.2599907,34,1411.06,16376.0,19.94,10,210,241.45947265625
1784754184.5101843,34,1411.06,16376.0,19.96,19,210,241.70966625213623
1784754184.7603395,34,1411.06,16376.0,19.96,19,210,241.95982146263123
1784754185.010518,34,1411.06,16376.0,19.88,8,210,242.21000003814697
1784754185.2606928,34,1411.06,16376.0,19.88,8,210,242.46017479896545
1784754185.5108755,34,1411.06,16376.0,19.82,15,210,242.71035742759705
1784754185.7610672,34,1411.06,16376.0,19.82,15,210,242.96054911613464
1784754186.0112698,34,1411.06,16376.0,19.73,11,210,243.21075177192688
1784754186.261437,34,1411.06,16376.0,19.73,11,210,243.46091890335083
1784754186.511618,34,1411.06,16376.0,19.75,12,210,243.71109986305237
1784754186.761787,34,1411.06,16376.0,19.75,12,210,243.96126890182495
1784754187.0119438,34,1411.06,16376.0,19.68,7,210,244.21142578125
1784754187.2621126,34,1411.06,16376.0,19.68,7,210,244.461594581604
1784754187.51228,34,1411.06,16376.0,19.66,14,210,244.71176195144653
1784754187.7624397,34,1411.06,16376.0,19.66,14,210,244.96192169189453
1784754188.0126023,34,1411.06,16376.0,19.67,10,210,245.21208429336548
1784754188.262763,34,1411.06,16376.0,19.67,10,210,245.4622449874878
1784754188.5129266,34,1411.06,16376.0,19.7,11,210,245.71240854263306
1784754188.76309,34,1411.06,16376.0,19.7,11,210,245.96257185935974
1784754189.0132725,34,1411.06,16376.0,19.55,11,210,246.21275448799133
1784754189.2634416,34,1411.06,16376.0,19.55,11,210,246.46292352676392
1784754189.5135977,34,1411.06,16376.0,19.55,14,210,246.71307969093323
1784754189.7637541,34,1411.06,16376.0,19.55,14,210,246.96323609352112
1784754190.0139103,34,1411.06,16376.0,19.73,13,210,247.21339225769043
1784754190.264067,34,1411.06,16376.0,19.73,13,210,247.4635488986969
1784754190.5142426,34,1411.06,16376.0,19.82,9,210,247.7137246131897
1784754190.764431,34,1411.06,16376.0,19.82,9,210,247.9639129638672
1784754191.0145898,34,1411.06,16376.0,19.81,12,210,248.21407175064087
1784754191.2647696,34,1411.06,16376.0,19.81,12,210,248.4642515182495
1784754191.514963,34,1411.06,16376.0,19.72,8,210,248.71444487571716
1784754191.765156,34,1411.06,16376.0,19.72,8,210,248.96463799476624
1784754192.0153105,34,1411.06,16376.0,19.77,13,210,249.2147924900055
1784754192.2654858,34,1411.06,16376.0,19.77,13,210,249.46496772766113
1784754192.5156462,34,1411.06,16376.0,19.84,7,210,249.71512818336487
1784754192.765825,34,1411.06,16376.0,19.84,7,210,249.9653069972992
1784754193.016005,34,1411.06,16376.0,19.73,13,210,250.21548700332642
1784754193.2661686,34,1411.06,16376.0,19.73,13,210,250.46565055847168
1784754193.5163362,34,1411.06,16376.0,19.68,11,210,250.7158181667328
1784754193.7665312,34,1411.06,16376.0,19.68,11,210,250.9660131931305
1784754194.0167146,34,1411.06,16376.0,19.89,14,210,251.21619653701782
1784754194.266899,34,1411.06,16376.0,19.89,14,210,251.46638107299805
1784754194.5170789,34,1411.06,16376.0,19.93,7,210,251.7165608406067
1784754194.7672431,34,1411.06,16376.0,19.93,7,210,251.9667251110077
1784754195.017421,34,1411.06,16376.0,19.74,17,210,252.2169029712677
1784754195.2675989,34,1411.06,16376.0,19.74,17,210,252.4670808315277
1784754195.5177846,34,1411.06,16376.0,19.61,8,210,252.71726655960083
1784754195.7679687,34,1411.06,16376.0,19.61,8,210,252.9674506187439
1784754196.0181286,34,1411.06,16376.0,19.7,16,210,253.21761059761047
1784754196.2683144,34,1411.06,16376.0,19.7,16,210,253.4677963256836
1784754196.5184817,34,1411.06,16376.0,19.62,8,210,253.71796369552612
1784754196.7686489,34,1411.06,16376.0,19.62,8,210,253.96813082695007
1784754197.0188086,34,1411.06,16376.0,19.75,13,210,254.21829056739807
1784754197.2689676,34,1411.06,16376.0,19.75,13,210,254.46844959259033
1784754197.5191395,34,1411.06,16376.0,19.66,8,210,254.71862149238586
1784754197.769311,34,1411.06,16376.0,19.66,8,210,254.96879291534424
1784754198.0194721,34,1411.06,16376.0,19.77,16,210,255.2189540863037
1784754198.2696295,34,1411.06,16376.0,19.77,16,210,255.46911144256592
1784754198.5198088,34,1411.06,16376.0,19.74,7,210,255.7192907333374
1784754198.7699664,34,1411.06,16376.0,19.74,7,210,255.9694483280182
1784754199.020117,34,1411.06,16376.0,19.89,18,210,256.2195990085602
1784754199.2702782,34,1411.06,16376.0,19.89,18,210,256.46976017951965
1784754199.5204551,34,1411.06,16376.0,19.85,7,210,256.71993708610535
1784754199.7706354,34,1411.06,16376.0,19.85,7,210,256.97011733055115
1784754200.0207634,34,1411.06,16376.0,19.92,16,210,257.2202453613281
1784754200.2709258,34,1411.06,16376.0,19.92,16,210,257.4704077243805
1784754200.5210736,34,1411.06,16376.0,19.85,10,210,257.72055554389954
1784754200.771224,34,1411.06,16376.0,19.85,10,210,257.97070598602295
1784754201.021375,34,1411.06,16376.0,19.92,17,210,258.2208569049835
1784754201.2715254,34,1411.06,16376.0,19.92,17,210,258.47100734710693
1784754201.52168,34,1411.06,16376.0,19.9,12,210,258.72116208076477
1784754201.771852,34,1411.06,16376.0,19.9,12,210,258.9713339805603
1784754202.022019,34,1411.06,16376.0,19.94,11,210,259.2215008735657
1784754202.2721772,34,1411.06,16376.0,19.94,11,210,259.4716591835022
1784754202.5223167,34,1411.06,16376.0,19.8,13,210,259.721798658371
1784754202.7724762,34,1411.06,16376.0,19.8,13,210,259.9719581604004
1784754203.0226445,34,1411.06,16376.0,19.64,12,210,260.22212648391724
1784754203.2728026,34,1411.06,16376.0,19.64,12,210,260.4722845554352
1784754203.522955,34,1411.06,16376.0,19.82,14,210,260.7224369049072
1784754203.7731144,34,1411.06,16376.0,19.82,14,210,260.97259640693665
1784754204.023236,34,1411.06,16376.0,19.9,10,210,261.222718000412
1784754204.2734232,34,1411.06,16376.0,19.9,10,210,261.4729051589966
1784754204.5235767,34,1411.06,16376.0,19.81,13,210,261.7230587005615
1784754204.7737274,34,1411.06,16376.0,19.81,13,210,261.9732093811035
1784754205.0238829,34,1411.06,16376.0,19.64,8,210,262.2233648300171
1784754205.2740426,34,1411.06,16376.0,19.64,8,210,262.4735245704651
1784754205.5242178,34,1411.06,16376.0,19.64,12,210,262.7236998081207
1784754205.7743754,34,1411.06,16376.0,19.64,12,210,262.9738574028015
1784754206.0245337,34,1411.06,16376.0,19.56,6,210,263.22401571273804
1784754206.2746875,34,1411.06,16376.0,19.56,6,210,263.47416949272156
1784754206.5248334,34,1411.06,16376.0,19.5,14,210,263.72431540489197
1784754206.77498,34,1411.06,16376.0,19.5,14,210,263.9744620323181
1784754207.0251365,34,1411.06,16376.0,19.46,7,210,264.224618434906
1784754207.275298,34,1411.06,16376.0,19.46,7,210,264.47478008270264
1784754207.5254564,34,1411.06,16376.0,19.57,15,210,264.72493839263916
1784754207.7756088,34,1411.06,16376.0,19.57,15,210,264.9750907421112
1784754208.0257692,34,1411.06,16376.0,19.65,8,210,265.22525119781494
1784754208.2759519,34,1411.06,16376.0,19.65,8,210,265.47543382644653
1784754208.5261092,34,1411.06,16376.0,19.53,13,210,265.72559118270874
1784754208.7762766,34,1411.06,16376.0,19.53,13,210,265.97575855255127
1784754209.02643,34,1411.06,16376.0,19.39,6,210,266.22591185569763
1784754209.2766037,34,1411.06,16376.0,19.39,6,210,266.4760856628418
1784754209.526773,34,1411.06,16376.0,19.55,14,210,266.72625494003296
1784754209.7769384,34,1411.06,16376.0,19.55,14,210,266.97642040252686
1784754210.0271022,34,1411.06,16376.0,19.61,11,210,267.2265841960907
1784754210.2772698,34,1411.06,16376.0,19.61,11,210,267.4767518043518
1784754210.527429,34,1411.06,16376.0,19.66,13,210,267.72691106796265
1784754210.7776053,34,1411.06,16376.0,19.66,13,210,267.9770872592926
1784754211.02777,34,1411.06,16376.0,19.75,11,210,268.22725200653076
1784754211.2779272,34,1411.06,16376.0,19.75,11,210,268.4774091243744
1784754211.5280802,34,1411.06,16376.0,19.85,14,210,268.7275621891022
1784754211.778235,34,1411.06,16376.0,19.85,14,210,268.97771692276
1784754212.0283916,34,1411.06,16376.0,19.88,8,210,269.2278735637665
1784754212.2785542,34,1411.06,16376.0,19.88,8,210,269.4780361652374
1784754212.528709,34,1411.06,16376.0,19.82,13,210,269.72819089889526
1784754212.7788658,34,1411.06,16376.0,19.82,13,210,269.9783477783203
1784754213.0290203,34,1411.06,16376.0,19.73,12,210,270.22850227355957
1784754213.2792122,34,1411.06,16376.0,19.73,12,210,270.47869420051575
1784754213.5293944,34,1411.06,16376.0,19.72,13,210,270.7288763523102
1784754213.7795577,34,1411.06,16376.0,19.72,13,210,270.97903966903687
1784754214.0297284,34,1411.06,16376.0,19.71,7,210,271.2292103767395
1784754214.2799056,34,1411.06,16376.0,19.71,7,210,271.4793875217438
1784754214.530088,34,1411.06,16376.0,19.72,14,210,271.7295699119568
1784754214.7802668,34,1411.06,16376.0,19.72,14,210,271.9797487258911
1784754215.0304263,34,1411.06,16376.0,19.74,8,210,272.22990822792053
1784754215.280606,34,1411.06,16376.0,19.74,8,210,272.4800879955292
1784754215.5307968,34,1411.06,16376.0,19.79,14,210,272.73027873039246
1784754215.7809544,34,1411.06,16376.0,19.79,14,210,272.98043632507324
1784754216.0311072,34,1411.06,16376.0,19.82,7,210,273.23058915138245
1784754216.281291,34,1411.06,16376.0,19.82,7,210,273.48077297210693
1784754216.5314858,34,1411.06,16376.0,19.84,12,210,273.73096776008606
1784754216.7816484,34,1411.06,16376.0,19.84,12,210,273.981130361557
1784754217.0317984,34,1411.06,16376.0,19.77,8,210,274.23128032684326
1784754217.2819679,34,1411.06,16376.0,19.77,8,210,274.481449842453
1784754217.5321615,34,1411.06,16376.0,19.75,11,210,274.73164343833923
1784754217.782312,34,1411.06,16376.0,19.75,11,210,274.98179388046265
1784754218.0324862,34,1411.06,16376.0,19.77,12,210,275.23196816444397
1784754218.2826495,34,1411.06,16376.0,19.77,12,210,275.48213148117065
1784754218.5328083,34,1411.06,16376.0,19.77,10,210,275.73229026794434
1784754218.782966,34,1411.06,16376.0,19.77,10,210,275.9824478626251
1784754219.0331495,34,1411.06,16376.0,19.93,17,210,276.23263144493103
1784754219.2833312,34,1411.06,16376.0,19.93,17,210,276.4828131198883
1784754219.533518,34,1411.06,16376.0,20.03,10,210,276.7330000400543
1784754219.7836857,34,1411.06,16376.0,20.03,10,210,276.98316764831543
1784754220.0338638,34,1411.06,16376.0,20.06,17,210,277.233345746994
1784754220.28405,34,1411.06,16376.0,20.06,17,210,277.4835319519043
1784754220.534215,34,1411.06,16376.0,20.0,12,210,277.73369693756104
1784754220.7843783,34,1411.06,16376.0,20.0,12,210,277.9838602542877
1784754221.0345538,34,1411.06,16376.0,19.98,13,210,278.23403573036194
1784754221.2847235,34,1411.06,16376.0,19.98,13,210,278.48420548439026
1784754221.5348825,34,1411.06,16376.0,20.02,11,210,278.7343645095825
1784754221.7850614,34,1411.06,16376.0,20.02,11,210,278.98454332351685
1784754222.035253,34,1411.06,16376.0,19.98,13,210,279.23473501205444
1784754222.2854173,34,1411.06,16376.0,19.98,13,210,279.48489928245544
1784754222.535572,34,1411.06,16376.0,19.88,10,210,279.7350540161133
1784754222.7857318,34,1411.06,16376.0,19.88,10,210,279.9852137565613
1784754223.0358906,34,1411.06,16376.0,19.87,14,210,280.23537254333496
1784754223.2860692,34,1411.06,16376.0,19.87,14,210,280.4855511188507
1784754223.5362515,34,1411.06,16376.0,19.81,8,210,280.7357335090637
1784754223.7864192,34,1411.06,16376.0,19.81,8,210,280.98590111732483
1784754224.0365984,34,1411.06,16376.0,19.68,12,210,281.2360804080963
1784754224.2867563,34,1411.06,16376.0,19.68,12,210,281.4862382411957
1784754224.5369222,34,1411.06,16376.0,19.55,7,210,281.73640418052673
1784754224.7870886,34,1411.06,16376.0,19.55,7,210,281.98657059669495
1784754225.0372534,34,1411.06,16376.0,19.59,14,210,282.2367353439331
1784754225.2874353,34,1411.06,16376.0,19.59,14,210,282.48691725730896
1784754225.537617,34,1411.06,16376.0,19.64,13,210,282.73709893226624
1784754225.787793,34,1411.06,16376.0,19.64,13,210,282.9872748851776
1784754226.0379581,34,1411.06,16376.0,19.67,8,210,283.23744010925293
1784754226.288116,34,1411.06,16376.0,19.67,8,210,283.4875979423523
1784754226.5382965,34,1411.06,16376.0,19.62,12,210,283.7377784252167
1784754226.7884607,34,1411.06,16376.0,19.62,12,210,283.9879426956177
1784754227.0386212,34,1411.06,16376.0,19.59,6,210,284.2381031513214
1784754227.2887616,34,1411.06,16376.0,19.59,6,210,284.4882435798645
1784754227.5389066,34,1411.06,16376.0,19.7,11,210,284.7383885383606
1784754227.7890615,34,1411.06,16376.0,19.7,11,210,284.988543510437
1784754228.0392218,34,1411.06,16376.0,19.76,6,210,285.23870372772217
1784754228.2894077,34,1411.06,16376.0,19.76,6,210,285.48888969421387
1784754228.5395715,34,1411.06,16376.0,19.77,14,210,285.7390534877777
1784754228.7897303,34,1411.06,16376.0,19.77,14,210,285.9892122745514
1784754229.0398943,34,1411.06,16376.0,19.73,9,210,286.2393763065338
1784754229.290061,34,1411.06,16376.0,19.73,9,210,286.4895429611206
1784754229.540231,34,1411.06,16376.0,19.92,17,210,286.7397129535675
1784754229.7903943,34,1411.06,16376.0,19.92,17,210,286.9898762702942
1784754230.0405838,34,1411.06,16376.0,20.06,8,210,287.2400658130646
1784754230.290747,34,1411.06,16376.0,20.06,8,210,287.4902288913727
1784754230.5408943,34,1411.06,16376.0,20.03,13,210,287.74037623405457
1784754230.7910604,34,1411.06,16376.0,20.03,13,210,287.9905424118042
1784754231.041216,34,1411.06,16376.0,19.96,9,210,288.2406978607178
1784754231.2913792,34,1411.06,16376.0,19.96,9,210,288.49086117744446
1784754231.5415547,34,1411.06,16376.0,19.96,13,210,288.7410366535187
1784754231.7917223,34,1411.06,16376.0,19.96,13,210,288.9912042617798
1784754232.0418887,34,1411.06,16376.0,19.84,9,210,289.241370677948
1784754232.292076,34,1411.06,16376.0,19.84,9,210,289.4915580749512
1784754232.5422382,34,1411.06,16376.0,19.79,14,210,289.74172019958496
1784754232.792387,34,1411.06,16376.0,19.79,14,210,289.9918689727783
1784754233.042562,34,1411.06,16376.0,19.81,8,210,290.2420439720154
1784754233.2927313,34,1411.06,16376.0,19.81,8,210,290.49221324920654
1784754233.5429053,34,1411.06,16376.0,19.79,15,210,290.7423872947693
1784754233.793095,34,1411.06,16376.0,19.79,15,210,290.99257707595825
1784754234.0432925,34,1411.06,16376.0,19.87,9,210,291.24277448654175
1784754234.2934835,34,1411.06,16376.0,19.87,9,210,291.4929654598236
1784754234.543632,34,1411.06,16376.0,20.04,12,210,291.7431139945984
1784754234.7937849,34,1411.06,16376.0,20.04,12,210,291.9932668209076
1784754235.0439615,34,1411.06,16376.0,19.94,8,210,292.2434434890747
1784754235.2941296,34,1411.06,16376.0,19.94,8,210,292.493611574173
1784754235.5443013,34,1411.06,16376.0,19.73,14,210,292.7437832355499
1784754235.7944598,34,1411.06,16376.0,19.73,14,210,292.99394178390503
1784754236.0445893,34,1411.06,16376.0,19.64,8,210,293.2440712451935
1784754236.2947085,34,1411.06,16376.0,19.64,8,210,293.49419045448303
1784754236.5448494,34,1411.06,16376.0,19.75,12,210,293.7443313598633
1784754236.7949922,34,1411.06,16376.0,19.75,12,210,293.99447417259216
1784754237.0451603,34,1411.06,16376.0,19.9,10,210,294.24464225769043
1784754237.2953186,34,1411.06,16376.0,19.9,10,210,294.49480056762695
1784754237.5454748,34,1411.06,16376.0,19.86,7,210,294.74495673179626
1784754237.7956202,34,1411.06,16376.0,19.86,7,210,294.9951021671295
1784754238.0457623,34,1411.06,16376.0,19.85,16,210,295.24524426460266
1784754238.2959707,34,1411.06,16376.0,19.85,16,210,295.4954526424408
1784754238.546135,34,1411.06,16376.0,19.77,7,210,295.7456169128418
1784754238.7963088,34,1411.06,16376.0,19.77,7,210,295.99579071998596
1784754239.0464706,34,1411.06,16376.0,19.85,17,210,296.2459526062012
1784754239.2966259,34,1411.06,16376.0,19.85,17,210,296.49610781669617
1784754239.5467825,34,1411.06,16376.0,19.91,8,210,296.74626445770264
1784754239.7969484,34,1411.06,16376.0,19.91,8,210,296.9964303970337
1784754240.0471027,34,1411.06,16376.0,19.91,14,210,297.24658465385437
1784754240.2972791,34,1411.06,16376.0,19.91,14,210,297.4967610836029
1784754240.5474436,34,1411.06,16376.0,19.75,7,210,297.7469255924225
1784754240.7976112,34,1411.06,16376.0,19.75,7,210,297.9970932006836
1784754241.0477364,34,1411.06,16376.0,19.91,14,210,298.2472183704376
1784754241.2978966,34,1411.06,16376.0,19.91,14,210,298.4973785877228
1784754241.5480533,34,1411.06,16376.0,20.0,10,210,298.74753522872925
1784754241.7982128,34,1411.06,16376.0,20.0,10,210,298.99769473075867
1784754242.048384,34,1411.06,16376.0,19.92,13,210,299.24786591529846
1784754242.2985392,34,1411.06,16376.0,19.92,13,210,299.49802112579346
1784754242.5487027,34,1411.06,16376.0,19.75,6,210,299.7481846809387
1784754242.7988746,34,1411.06,16376.0,19.75,6,210,299.99835658073425
1784754243.049042,34,1411.06,16376.0,19.77,14,210,300.2485239505768
1784754243.2991989,34,1411.06,16376.0,19.77,14,210,300.49868083000183
1784754243.5492997,34,1411.06,16376.0,19.77,7,210,300.7487816810608
1784754243.7994616,34,1411.06,16376.0,19.77,7,210,300.998943567276
1784754244.0496252,34,1411.06,16376.0,19.81,14,210,301.24910712242126
1784754244.299792,34,1411.06,16376.0,19.81,14,210,301.49927401542664
1784754244.5499752,34,1411.06,16376.0,19.77,7,210,301.7494571208954
1784754244.800154,34,1411.06,16376.0,19.77,7,210,301.9996359348297
1784754245.0503035,34,1411.06,16376.0,19.67,15,210,302.2497854232788
1784754245.3004632,34,1411.06,16376.0,19.67,15,210,302.4999451637268
1784754245.5506349,34,1411.06,16376.0,19.39,7,210,302.75011682510376
1784754245.8007975,34,1411.06,16376.0,19.39,7,210,303.0002794265747
1784754246.0509567,34,1411.06,16376.0,19.52,16,210,303.25043869018555
1784754246.3011117,34,1411.06,16376.0,19.52,16,210,303.50059366226196
1784754246.5512774,34,1411.06,16376.0,19.7,9,210,303.75075936317444
1784754246.8014343,34,1411.06,16376.0,19.7,9,210,304.0009162425995
1784754247.0516236,34,1411.06,16376.0,19.67,13,210,304.2511055469513
1784754247.3017807,34,1411.06,16376.0,19.67,13,210,304.5012626647949
1784754247.5519176,34,1411.06,16376.0,19.62,8,210,304.7513995170593
1784754247.8021095,34,1411.06,16376.0,19.62,8,210,305.0015914440155
1784754248.0523071,34,1411.06,16376.0,19.69,15,210,305.2517890930176
1784754248.3024726,34,1411.06,16376.0,19.69,15,210,305.5019545555115
1784754248.5526335,34,1411.06,16376.0,19.72,20,210,305.75211548805237
1784754248.8027894,34,1411.06,16376.0,19.72,20,210,306.0022714138031
1784754249.052953,34,1411.06,16376.0,19.88,8,210,306.25243496894836
1784754249.3031094,34,1411.06,16376.0,19.88,8,210,306.50259137153625
1784754249.5532665,34,1411.06,16376.0,20.0,14,210,306.7527484893799
1784754249.8034322,34,1411.06,16376.0,20.0,14,210,307.00291419029236
1784754250.0536082,34,1411.06,16376.0,19.95,12,210,307.25309014320374
1784754250.303768,34,1411.06,16376.0,19.95,12,210,307.50324988365173
1784754250.5539203,34,1411.06,16376.0,19.88,14,210,307.7534022331238
1784754250.8040788,34,1411.06,16376.0,19.88,14,210,308.0035607814789
1784754251.0542424,34,1411.06,16376.0,19.76,7,210,308.25372433662415
1784754251.3043988,34,1411.06,16376.0,19.76,7,210,308.50388073921204
1784754251.5545843,34,1411.06,16376.0,19.79,13,210,308.7540662288666
1784754251.8047552,34,1411.06,16376.0,19.79,13,210,309.0042371749878
1784754252.054931,34,1411.06,16376.0,19.73,8,210,309.2544128894806
1784754252.305096,34,1411.06,16376.0,19.73,8,210,309.50457787513733
1784754252.555252,34,1411.06,16376.0,19.76,14,210,309.75473403930664
1784754252.8054059,34,1411.06,16376.0,19.76,14,210,310.00488781929016
1784754253.0555685,34,1411.06,16376.0,19.79,8,210,310.2550504207611
1784754253.3057299,34,1411.06,16376.0,19.79,8,210,310.50521183013916
1784754253.555924,34,1411.06,16376.0,19.73,13,210,310.75540590286255
1784754253.806092,34,1411.06,16376.0,19.73,13,210,311.0055739879608
1784754254.0562558,34,1411.06,16376.0,19.65,8,210,311.25573778152466
1784754254.3064182,34,1411.06,16376.0,19.65,8,210,311.505900144577
1784754254.556602,34,1411.06,16376.0,19.84,14,210,311.7560839653015
1784754254.8067727,34,1411.06,16376.0,19.84,14,210,312.00625467300415
1784754255.0569322,34,1411.06,16376.0,19.92,11,210,312.25641417503357
1784754255.3070927,34,1411.06,16376.0,19.92,11,210,312.5065746307373
1784754255.5572493,34,1411.06,16376.0,19.85,13,210,312.7567312717438
1784754255.8074071,34,1411.06,16376.0,19.85,13,210,313.00688910484314
1784754256.0575736,34,1411.06,16376.0,19.79,7,210,313.25705552101135
1784754256.307735,34,1411.06,16376.0,19.79,7,210,313.5072169303894
1784754256.5578935,34,1411.06,16376.0,20.01,17,210,313.7573754787445
1784754256.80805,34,1411.06,16376.0,20.01,17,210,314.0075318813324
1784754257.0582018,34,1411.06,16376.0,20.02,8,210,314.2576837539673
1784754257.308313,34,1411.06,16376.0,20.02,8,210,314.50779485702515
1784754257.558473,34,1411.06,16376.0,19.88,14,210,314.7579550743103
1784754257.8086371,34,1411.06,16376.0,19.88,14,210,315.0081191062927
1784754258.0587938,34,1411.06,16376.0,19.84,8,210,315.2582757472992
1784754258.3089695,34,1411.06,16376.0,19.84,8,210,315.508451461792
1784754258.559151,34,1411.06,16376.0,19.86,8,210,315.7586328983307
1784754258.8093212,34,1411.06,16376.0,19.86,8,210,316.00880312919617
1784754259.0595012,34,1411.06,16376.0,20.01,15,210,316.2589831352234
1784754259.3096874,34,1411.06,16376.0,20.01,15,210,316.50916934013367
1784754259.5598483,34,1411.06,16376.0,20.13,9,210,316.75933027267456
1784754259.8100038,34,1411.06,16376.0,20.13,9,210,317.00948572158813
1784754260.0601788,34,1411.06,16376.0,20.21,17,210,317.2596607208252
1784754260.3103113,34,1411.06,16376.0,20.21,17,210,317.5097932815552
1784754260.5604815,34,1411.06,16376.0,20.12,7,210,317.75996351242065
1784754260.8106647,34,1411.06,16376.0,20.12,7,210,318.0101466178894
1784754261.060821,34,1411.06,16376.0,20.02,15,210,318.2603030204773
1784754261.3109765,34,1411.06,16376.0,20.02,15,210,318.51045846939087
1784754261.5611463,34,1411.06,16376.0,19.85,7,210,318.7606282234192
1784754261.811317,34,1411.06,16376.0,19.85,7,210,319.0107989311218
1784754262.0614734,34,1411.06,16376.0,19.77,13,210,319.2609553337097
1784754262.3116329,34,1411.06,16376.0,19.77,13,210,319.51111483573914
1784754262.5618033,34,1411.06,16376.0,19.71,8,210,319.7612853050232
1784754262.8119843,34,1411.06,16376.0,19.71,8,210,320.01146626472473
1784754263.062146,34,1411.06,16376.0,19.95,18,210,320.26162791252136
1784754263.3123171,34,1411.06,16376.0,19.95,18,210,320.51179909706116
1784754263.562475,34,1411.06,16376.0,19.91,9,210,320.7619569301605
1784754263.8126476,34,1411.06,16376.0,19.91,9,210,321.0121295452118
1784754264.0628123,34,1411.06,16376.0,19.75,13,210,321.26229429244995
1784754264.3129683,34,1411.06,16376.0,19.75,13,210,321.5124502182007
1784754264.563129,34,1411.06,16376.0,19.77,11,210,321.762610912323
1784754264.8133016,34,1411.06,16376.0,19.77,11,210,322.01278352737427
1784754265.063486,34,1411.06,16376.0,19.72,14,210,322.2629680633545
1784754265.313667,34,1411.06,16376.0,19.72,14,210,322.51314902305603
1784754265.5638268,34,1411.06,16376.0,19.75,11,210,322.763308763504
1784754265.814005,34,1411.06,16376.0,19.75,11,210,323.0134868621826
1784754266.064186,34,1411.06,16376.0,19.98,14,210,323.26366806030273
1784754266.3143673,34,1411.06,16376.0,19.98,14,210,323.51384925842285
1784754266.5645335,34,1411.06,16376.0,19.99,8,210,323.7640154361725
1784754266.814691,34,1411.06,16376.0,19.99,8,210,324.01417303085327
1784754267.0648382,34,1411.06,16376.0,19.89,18,210,324.2643201351166
1784754267.314989,34,1411.06,16376.0,19.89,18,210,324.51447105407715
1784754267.5651414,34,1411.06,16376.0,19.86,10,210,324.7646234035492
1784754267.8152995,34,1411.06,16376.0,19.86,10,210,325.01478147506714
1784754268.0654533,34,1411.06,16376.0,19.96,8,210,325.26493525505066
1784754268.3156066,34,1411.06,16376.0,19.96,8,210,325.515088558197
1784754268.5657682,34,1411.06,16376.0,20.06,14,210,325.76525020599365
1784754268.8159266,34,1411.06,16376.0,20.06,14,210,326.0154085159302
1784754269.0660825,34,1411.06,16376.0,20.04,11,210,326.2655644416809
1784754269.3162417,34,1411.06,16376.0,20.04,11,210,326.51572370529175
1784754269.566393,34,1411.06,16376.0,19.84,16,210,326.7658748626709
1784754269.816548,34,1411.06,16376.0,19.84,16,210,327.0160300731659
1784754270.0667067,34,1411.06,16376.0,19.72,8,210,327.266188621521
1784754270.3168583,34,1411.06,16376.0,19.72,8,210,327.5163402557373
1784754270.5670285,34,1411.06,16376.0,19.71,16,210,327.7665104866028
1784754270.8171885,34,1411.06,16376.0,19.71,16,210,328.01667046546936
1784754271.0673041,34,1411.06,16376.0,19.86,8,210,328.2667860984802
1784754271.3174593,34,1411.06,16376.0,19.86,8,210,328.5169413089752
1784754271.5676296,34,1411.06,16376.0,20.02,17,210,328.7671115398407
1784754271.8177981,34,1411.06,16376.0,20.02,17,210,329.0172801017761
1784754272.0679586,34,1411.06,16376.0,19.87,8,210,329.26744055747986
1784754272.3181446,34,1411.06,16376.0,19.87,8,210,329.51762652397156
1784754272.5683322,34,1411.06,16376.0,19.91,17,210,329.7678141593933
1784754272.8184922,34,1411.06,16376.0,19.91,17,210,330.0179741382599
1784754273.068676,34,1411.06,16376.0,19.98,12,210,330.2681579589844
1784754273.3188543,34,1411.06,16376.0,19.98,12,210,330.51833629608154
1784754273.5690167,34,1411.06,16376.0,19.97,14,210,330.7684986591339
1784754273.8191762,34,1411.06,16376.0,19.97,14,210,331.01865816116333
1784754274.069311,34,1411.06,16376.0,19.83,7,210,331.2687928676605
1784754274.319477,34,1411.06,16376.0,19.83,7,210,331.51895904541016
1784754274.569651,34,1411.06,16376.0,19.8,13,210,331.7691328525543
1784754274.8198159,34,1411.06,16376.0,19.8,13,210,332.01929783821106
1784754275.0699766,34,1411.06,16376.0,19.73,6,210,332.2694585323334
1784754275.320151,34,1411.06,16376.0,19.73,6,210,332.5196330547333
1784754275.5703034,34,1411.06,16376.0,19.66,13,210,332.7697854042053
1784754275.820454,34,1411.06,16376.0,19.66,13,210,333.01993584632874
1784754276.070624,34,1411.06,16376.0,19.7,8,210,333.2701060771942
1784754276.3207915,34,1411.06,16376.0,19.7,8,210,333.52027344703674
1784754276.5709379,34,1411.06,16376.0,19.84,16,210,333.7704198360443
1784754276.8210855,34,1411.06,16376.0,19.84,16,210,334.0205674171448
1784754277.0712667,34,1411.06,16376.0,19.81,8,210,334.2707486152649
1784754277.321462,34,1411.06,16376.0,19.81,8,210,334.5209438800812
1784754277.5716484,34,1411.06,16376.0,19.81,14,210,334.77113032341003
1784754277.8218043,34,1411.06,16376.0,19.81,14,210,335.02128624916077
1784754278.0719588,34,1411.06,16376.0,19.86,18,210,335.2714407444
1784754278.3221188,34,1411.06,16376.0,19.86,18,210,335.5216007232666
1784754278.5722759,34,1411.06,16376.0,20.14,10,210,335.77175784111023
1784754278.822428,34,1411.06,16376.0,20.14,10,210,336.0219099521637
1784754279.0725822,34,1411.06,16376.0,20.17,17,210,336.2720642089844
1784754279.3227587,34,1411.06,16376.0,20.17,17,210,336.5222406387329
1784754279.5729108,34,1411.06,16376.0,20.11,7,210,336.7723927497864
1784754279.8230894,34,1411.06,16376.0,20.11,7,210,337.0225713253021
1784754280.0732477,34,1411.06,16376.0,20.15,14,210,337.27272963523865
1784754280.3234043,34,1411.06,16376.0,20.15,14,210,337.5228862762451
1784754280.5735624,34,1411.06,16376.0,20.04,11,210,337.77304434776306
1784754280.8237414,34,1411.06,16376.0,20.04,11,210,338.02322340011597
1784754281.073897,34,1411.06,16376.0,20.11,16,210,338.27337884902954
1784754281.3241677,34,1411.06,16376.0,20.11,16,210,338.5236496925354
1784754281.574309,34,1411.06,16376.0,20.05,7,210,338.7737910747528
1784754281.8244596,34,1411.06,16376.0,20.05,7,210,339.0239415168762
1784754282.0746105,34,1411.06,16376.0,19.99,12,210,339.2740924358368
1784754282.3247664,34,1411.06,16376.0,19.99,12,210,339.5242483615875
1784754282.5749242,34,1411.06,16376.0,19.83,8,210,339.7744061946869
1784754282.8251042,34,1411.06,16376.0,19.83,8,210,340.0245862007141
1784754283.0752916,34,1411.06,16376.0,19.72,12,210,340.2747735977173
1784754283.3254814,34,1411.06,16376.0,19.72,12,210,340.52496337890625
1784754283.5756729,34,1411.06,16376.0,19.86,10,210,340.77515482902527
1784754283.8258333,34,1411.06,16376.0,19.86,10,210,341.025315284729
1784754284.0760038,34,1411.06,16376.0,19.86,16,210,341.27548575401306
1784754284.3261623,34,1411.06,16376.0,19.86,16,210,341.52564430236816
1784754284.576304,34,1411.06,16376.0,19.93,11,210,341.77578592300415
1784754284.8264763,34,1411.06,16376.0,19.93,11,210,342.02595829963684
1784754285.0766382,34,1411.06,16376.0,20.07,14,210,342.27612018585205
1784754285.3268094,34,1411.06,16376.0,20.07,14,210,342.52629137039185
1784754285.576925,34,1411.06,16376.0,19.86,8,210,342.7764070034027
1784754285.8270843,34,1411.06,16376.0,19.86,8,210,343.02656626701355
1784754286.0772448,34,1411.06,16376.0,19.73,13,210,343.2767267227173
1784754286.3274071,34,1411.06,16376.0,19.73,13,210,343.52688908576965
1784754286.5775604,34,1411.06,16376.0,19.88,12,210,343.777042388916
1784754286.8277192,34,1411.06,16376.0,19.88,12,210,344.0272011756897
1784754287.0778904,34,1411.06,16376.0,19.92,19,210,344.2773723602295
1784754287.3280501,34,1411.06,16376.0,19.92,19,210,344.5275321006775
1784754287.578203,34,1411.06,16376.0,19.86,10,210,344.7776849269867
1784754287.8283243,34,1411.06,16376.0,19.86,10,210,345.02780628204346
1784754288.078495,34,1411.06,16376.0,20.0,17,210,345.2779769897461
1784754288.3286576,34,1411.06,16376.0,20.0,17,210,345.52813959121704
1784754288.5788164,34,1411.06,16376.0,20.04,7,210,345.7782983779907
1784754288.828979,34,1411.06,16376.0,20.04,7,210,346.02846097946167
1784754289.0791368,34,1411.06,16376.0,20.0,14,210,346.27861881256104
1784754289.3293002,34,1411.06,16376.0,20.0,14,210,346.5287821292877
1784754289.5794725,34,1411.06,16376.0,19.94,12,210,346.7789545059204
1784754289.8296669,34,1411.06,16376.0,19.94,12,210,347.0291488170624
1784754290.0798504,34,1411.06,16376.0,20.25,48,210,347.2793323993683
1784754290.3300333,34,1411.06,16376.0,20.25,48,210,347.52951526641846
1784754290.5801995,34,1411.06,16376.0,20.84,36,240,347.7796814441681
1784754290.8303335,34,1411.06,16376.0,20.84,36,240,348.02981543540955
1784754291.0805128,34,1411.06,16376.0,20.74,9,240,348.27999472618103
1784754291.3306952,34,1411.06,16376.0,20.74,9,240,348.53017711639404
1784754291.5808835,34,1403.56,16376.0,20.5,62,345,348.78036546707153
1784754291.8310537,34,1403.56,16376.0,20.5,62,345,349.030535697937
1784754292.0811672,34,1403.81,16376.0,20.19,0,345,349.28064918518066
1784754292.331346,34,1403.81,16376.0,20.19,0,345,349.530827999115
1784754292.581515,34,1403.81,16376.0,19.28,0,345,349.7809970378876
1784754292.8316782,34,1403.81,16376.0,19.28,0,345,350.0311601161957
1784754293.0818138,34,1403.81,16376.0,18.07,0,345,350.2812957763672
1784754293.3319757,34,1403.81,16376.0,18.07,0,345,350.5314576625824
1784754293.5821314,34,1403.81,16376.0,18.44,15,210,350.78161334991455
1784754293.832301,34,1403.81,16376.0,18.44,15,210,351.0317828655243
1784754294.0824418,34,1403.81,16376.0,18.93,0,210,351.28192377090454
1784754294.332601,34,1403.81,16376.0,18.93,0,210,351.5320830345154
1784754294.5827513,34,1403.81,16376.0,19.25,3,210,351.7822332382202
1784754294.8329186,34,1403.75,16376.0,19.25,3,210,352.03240060806274
1784754295.0831094,34,1403.25,16376.0,20.05,100,345,352.282591342926
1784754295.3333297,34,1403.25,16376.0,20.05,100,345,352.5328116416931
1784754295.5834901,35,1403.25,16376.0,31.68,0,2625,352.78297209739685
1784754295.8336813,35,1403.25,16376.0,31.68,0,2625,353.0331633090973
1784754296.083869,36,1403.25,16376.0,45.23,0,2625,353.28335094451904
1784754296.3340595,36,1403.25,16376.0,45.23,0,2625,353.53354144096375
1784754296.5842328,36,1403.25,16376.0,51.17,1,2625,353.78371477127075
1784754296.834461,36,1403.25,16376.0,51.17,1,2625,354.03394293785095
1784754297.0846374,35,1401.19,16376.0,49.87,4,825,354.2841193675995
1784754297.3348153,35,1401.19,16376.0,49.87,4,825,354.5342972278595
1784754297.5849843,35,1401.19,16376.0,41.56,0,645,354.7844662666321
1784754297.8351629,35,1401.19,16376.0,41.56,0,645,355.0346448421478
1784754298.0853634,35,1401.19,16376.0,33.71,0,540,355.28484535217285
1784754298.3355536,35,1401.19,16376.0,33.71,0,540,355.535035610199
1784754298.5857291,35,1401.19,16376.0,30.92,18,420,355.7852110862732
1784754298.83592,35,1401.19,16376.0,30.92,18,420,356.03540205955505
1784754299.086097,35,1401.19,16376.0,27.75,0,360,356.28557896614075
1784754299.336287,35,1401.19,16376.0,27.75,0,360,356.5357689857483
1784754299.5865796,34,1401.19,16376.0,26.21,6,285,356.78606152534485
1784754299.8367755,34,1401.19,16376.0,26.21,6,285,357.03625750541687
1784754300.0870004,34,1402.44,16376.0,24.48,0,240,357.28648233413696
1784754300.3371873,34,1402.44,16376.0,24.48,0,240,357.536669254303
1784754300.5873892,34,1402.44,16376.0,22.35,26,210,357.7868711948395
1784754300.837602,34,1402.44,16376.0,22.35,26,210,358.03708386421204
1784754301.0878065,34,1402.44,16376.0,20.5,78,210,358.2872884273529
1784754301.3379977,34,1402.44,16376.0,20.5,78,210,358.53747963905334
1784754301.5881867,36,1402.44,16376.0,31.82,8,2625,358.7876687049866
1784754301.8383365,36,1402.44,16376.0,31.82,8,2625,359.03781843185425
1784754302.088511,36,1402.44,16376.0,46.68,1,2625,359.28799295425415
1784754302.3386774,36,1402.44,16376.0,46.68,1,2625,359.53815937042236
1784754302.5888197,36,1402.44,16376.0,51.54,0,2625,359.7883017063141
1784754302.8390088,36,1402.44,16376.0,51.54,0,2625,360.0384907722473
1784754303.0891612,35,1402.44,16376.0,48.73,0,795,360.28864312171936
1784754303.339316,35,1402.44,16376.0,48.73,0,795,360.5387978553772
1784754303.5894902,35,1402.44,16376.0,41.04,2,615,360.7889721393585
1784754303.8396895,35,1402.44,16376.0,41.04,2,615,361.03917145729065
1784754304.0898767,35,1402.44,16376.0,33.33,4,510,361.28935861587524
1784754304.3400598,35,1402.44,16376.0,33.33,4,510,361.539541721344
1784754304.5902727,35,1402.44,16376.0,33.06,4,405,361.78975462913513
1784754304.8404617,35,1402.44,16376.0,33.06,4,405,362.03994369506836
1784754305.0906477,35,1402.44,16376.0,31.52,0,345,362.29012966156006
1784754305.3408394,35,1402.44,16376.0,31.52,0,345,362.54032135009766
1784754305.5910556,35,1402.44,16376.0,29.01,11,285,362.7905375957489
1784754305.8412719,35,1402.44,16376.0,29.01,11,285,363.04075384140015
1784754306.0914693,35,1402.44,16376.0,26.7,6,255,363.29095125198364
1784754306.3416722,35,1402.44,16376.0,26.7,6,255,363.54115414619446
1784754306.5918832,35,1402.44,16376.0,25.85,25,210,363.79136514663696
1784754306.8420663,35,1402.44,16376.0,25.85,25,210,364.0415482521057
1784754307.0922542,35,1402.44,16376.0,25.51,33,210,364.29173612594604
1784754307.3424401,35,1402.44,16376.0,25.51,33,210,364.54192209243774
1784754307.5926242,35,1402.44,16376.0,24.64,61,270,364.7921061515808
1784754307.8428285,35,1402.44,16376.0,24.64,61,270,365.0423104763031
1784754308.093045,35,1402.44,16376.0,25.41,38,2625,365.2925269603729
1784754308.3432393,35,1402.44,16376.0,25.41,38,2625,365.5427212715149
1784754308.5934422,36,1402.44,16376.0,37.64,4,2625,365.7929241657257
1784754308.843642,36,1402.44,16376.0,37.64,4,2625,366.043123960495
1784754309.093827,36,1402.44,16376.0,50.45,2,2625,366.2933089733124
1784754309.3439972,36,1402.44,16376.0,50.45,2,2625,366.54347920417786
1784754309.5941892,36,1402.44,16376.0,50.78,1,2625,366.79367113113403
1784754309.8443372,36,1402.44,16376.0,50.78,1,2625,367.04381918907166
1784754310.0945055,35,1402.44,16376.0,45.96,4,690,367.2939875125885
1784754310.3446808,35,1402.44,16376.0,45.96,4,690,367.54416275024414
1784754310.5948675,35,1402.44,16376.0,38.53,0,555,367.7943494319916
1784754310.8451028,35,1402.44,16376.0,38.53,0,555,368.04458475112915
1784754311.0952878,35,1402.44,16376.0,33.76,2,465,368.29476976394653
1784754311.345483,35,1402.44,16376.0,33.76,2,465,368.5449650287628
1784754311.5956647,35,1402.44,16376.0,33.51,10,375,368.7951467037201
1784754311.8458462,35,1402.44,16376.0,33.51,10,375,369.0453281402588
1784754312.0960333,35,1402.44,16376.0,33.3,4,315,369.2955152988434
1784754312.3461676,35,1402.44,16376.0,33.3,4,315,369.5456495285034
1784754312.596281,35,1402.44,16376.0,32.96,0,240,369.79576301574707
1784754312.8463905,35,1402.44,16376.0,32.96,0,240,370.0458724498749
1784754313.0965478,35,1402.44,16376.0,29.07,0,210,370.2960298061371
1784754313.346753,35,1402.44,16376.0,29.07,0,210,370.5462348461151
1784754313.5969596,35,1402.44,16376.0,24.68,0,210,370.7964415550232
1784754313.847158,35,1402.44,16376.0,24.68,0,210,371.046639919281
1784754314.0973198,35,1402.44,16376.0,22.85,0,210,371.2968018054962
1784754314.3474789,35,1402.44,16376.0,22.85,0,210,371.5469608306885
1784754314.5976503,35,1402.44,16376.0,22.62,26,210,371.79713225364685
1784754314.8478131,35,1402.44,16376.0,22.62,26,210,372.0472950935364
1784754315.0979576,34,1402.44,16376.0,21.05,0,210,372.2974395751953
1784754315.3480883,34,1402.44,16376.0,21.05,0,210,372.54757022857666
1784754315.598196,34,1402.44,16376.0,18.64,1,210,372.7976779937744
1784754315.848326,34,1402.44,16376.0,18.64,1,210,373.0478079319
1784754316.0984821,35,1402.69,16376.0,18.26,60,210,373.29796409606934
1784754316.3486788,35,1402.69,16376.0,18.26,60,210,373.5481607913971
1784754316.5988252,34,1402.69,16376.0,19.42,0,285,373.79830718040466
1784754316.8489966,34,1402.69,16376.0,19.42,0,285,374.04847860336304
1784754317.0991397,34,1402.69,16376.0,19.84,0,285,374.2986216545105
1784754317.3492608,34,1402.69,16376.0,19.84,0,285,374.5487427711487
1784754317.5994108,34,1402.69,16376.0,18.3,0,285,374.79889273643494
1784754317.849558,34,1402.69,16376.0,18.3,0,285,375.0490400791168
1784754318.0996828,34,1402.69,16376.0,17.78,0,285,375.2991647720337
1784754318.3498402,34,1402.69,16376.0,17.78,0,285,375.5493221282959
1784754318.5999897,34,1402.69,16376.0,18.27,10,210,375.799471616745
1784754318.8501713,34,1402.69,16376.0,18.27,10,210,376.04965329170227
1784754319.1003134,34,1402.69,16376.0,19.22,0,210,376.2997953891754
1784754319.3504462,34,1402.69,16376.0,19.22,0,210,376.549928188324
1784754319.6006167,34,1402.69,16376.0,19.14,0,210,376.80009865760803
1784754319.8507898,34,1402.69,16376.0,19.14,0,210,377.05027174949646
1784754320.1009395,34,1402.69,16376.0,18.48,7,210,377.30042147636414
1784754320.3510954,34,1402.69,16376.0,18.48,7,210,377.55057740211487
1784754320.6012635,34,1402.69,16376.0,19.16,0,210,377.80074548721313
1784754320.851428,34,1402.69,16376.0,19.16,0,210,378.0509099960327
1784754321.1015372,34,1402.69,16376.0,18.88,0,210,378.30101919174194
1784754321.3516672,34,1402.69,16376.0,18.88,0,210,378.55114912986755
1784754321.6018014,34,1402.69,16376.0,18.51,0,210,378.8012833595276
1784754321.8519676,34,1402.69,16376.0,18.51,0,210,379.0514495372772
1784754322.102139,34,1402.69,16376.0,18.25,20,210,379.3016209602356
1784754322.3523154,34,1402.69,16376.0,18.25,20,210,379.55179738998413
1784754322.6025064,34,1402.69,16376.0,18.53,0,210,379.801988363266
1784754322.8526762,34,1402.69,16376.0,18.53,0,210,380.0521581172943
1784754323.1028242,34,1402.69,16376.0,18.7,0,210,380.30230617523193
1784754323.3529427,34,1402.69,16376.0,18.7,0,210,380.55242466926575
1784754323.603058,34,1402.69,16376.0,18.07,1,210,380.80254006385803
1784754323.8532207,34,1402.69,16376.0,18.07,1,210,381.052702665329
1784754324.103388,34,1402.69,16376.0,18.54,41,210,381.3028700351715
1784754324.3535664,34,1402.69,16376.0,18.54,41,210,381.5530483722687
1784754324.603732,34,1402.69,16376.0,19.23,24,210,381.80321407318115
1784754324.8538988,34,1402.69,16376.0,19.23,24,210,382.05338072776794
1784754325.104053,34,1402.69,16376.0,18.99,0,210,382.3035349845886
1784754325.3541956,34,1402.69,16376.0,18.99,0,210,382.5536775588989
1784754325.6042778,34,1402.69,16376.0,18.43,0,210,382.8037598133087
1784754325.8543756,34,1402.69,16376.0,18.43,0,210,383.05385756492615
1784754326.1044729,34,1402.69,16376.0,17.87,0,210,383.3039548397064
1784754326.3546224,34,1402.69,16376.0,17.87,0,210,383.5541043281555
1784754326.6047938,34,1402.69,16376.0,18.39,10,210,383.8042757511139
1784754326.8550236,34,1402.69,16376.0,18.39,10,210,384.05450558662415
1784754327.1051993,34,1402.69,16376.0,19.34,0,210,384.30468130111694
1784754327.3553243,34,1402.69,16376.0,19.34,0,210,384.5548062324524
1784754327.6054325,34,1402.69,16376.0,19.07,0,210,384.8049144744873
1784754327.85555,34,1402.69,16376.0,19.07,0,210,385.0550320148468
1784754328.1056504,34,1402.69,16376.0,18.44,0,210,385.3051323890686
1784754328.355789,34,1402.69,16376.0,18.44,0,210,385.55527091026306
1784754328.605933,34,1402.69,16376.0,18.17,27,210,385.80541491508484
1784754328.856092,34,1402.69,16376.0,18.17,27,210,386.0555739402771
1784754329.1062765,34,1402.69,16376.0,19.41,45,315,386.3057584762573
1784754329.3564456,34,1402.69,16376.0,19.41,45,315,386.5559275150299
1784754329.6066148,34,1402.69,16376.0,20.29,8,315,386.80609679222107
1784754329.8567834,34,1402.69,16376.0,20.29,8,315,387.0562653541565
1784754330.1069658,34,1402.69,16376.0,19.53,9,315,387.3064477443695
1784754330.3571568,34,1402.69,16376.0,19.53,9,315,387.55663871765137
1784754330.6073248,35,1402.69,16376.0,22.69,35,2625,387.80680680274963
1784754330.8575122,35,1402.69,16376.0,22.69,35,2625,388.0569941997528
1784754331.1076953,36,1403.19,16376.0,36.8,7,2625,388.30717730522156
1784754331.3578901,36,1403.19,16376.0,36.8,7,2625,388.5573720932007
1784754331.6080644,36,1403.19,16376.0,51.95,1,2625,388.807546377182
1784754331.858234,36,1403.56,16376.0,51.95,1,2625,389.05771589279175
1784754332.1084065,36,1403.56,16376.0,52.56,0,2625,389.307888507843
1784754332.3585682,36,1403.56,16376.0,52.56,0,2625,389.55805015563965
1784754332.6087139,35,1403.56,16376.0,45.95,0,915,389.8081958293915
1784754332.8588705,35,1403.56,16376.0,45.95,0,915,390.05835247039795
1784754333.1090295,35,1390.81,16376.0,37.19,9,765,390.3085114955902
1784754333.3591757,35,1390.81,16376.0,37.19,9,765,390.5586576461792
1784754333.6093037,35,1392.25,16376.0,29.64,0,600,390.8087856769562
1784754333.859465,35,1392.31,16376.0,29.64,0,600,391.05894684791565
1784754334.1096523,35,1392.81,16376.0,25.94,1,495,391.3091342449188
1784754334.359806,35,1392.81,16376.0,25.94,1,495,391.55928802490234
1784754334.6099606,35,1392.81,16376.0,23.16,0,360,391.8094425201416
1784754334.8600779,35,1392.81,16376.0,23.16,0,360,392.0595598220825
1784754335.1101873,35,1392.81,16376.0,22.23,1,300,392.3096692562103
1784754335.3602817,35,1392.81,16376.0,22.23,1,300,392.55976366996765
1784754335.6104126,34,1392.94,16376.0,21.5,4,210,392.8098945617676
1784754335.8605454,34,1392.94,16376.0,21.5,4,210,393.06002736091614
1784754336.110706,34,1406.94,16376.0,19.91,7,210,393.31018805503845
1784754336.3608863,34,1406.94,16376.0,19.91,7,210,393.56036829948425
1784754336.6110551,35,1406.69,16376.0,19.35,11,210,393.81053709983826
1784754336.8612313,35,1406.69,16376.0,19.35,11,210,394.0607132911682
1784754337.1114106,35,1405.69,16376.0,20.04,54,210,394.3108925819397
1784754337.3615892,35,1405.69,16376.0,20.04,54,210,394.56107115745544
1784754337.6117673,35,1405.31,16376.0,20.37,21,210,394.81124925613403
1784754337.8619463,35,1405.31,16376.0,20.37,21,210,395.06142830848694
1784754338.1121104,34,1405.31,16376.0,20.71,15,285,395.31159234046936
1784754338.3622608,34,1405.31,16376.0,20.71,15,285,395.5617427825928
1784754338.6124246,34,1405.31,16376.0,20.23,8,285,395.8119065761566
1784754338.8626068,34,1405.31,16376.0,20.23,8,285,396.06208872795105
1784754339.112771,35,1405.31,16376.0,21.61,25,420,396.31225299835205
1784754339.3628995,35,1405.31,16376.0,21.61,25,420,396.5623815059662
1784754339.613066,35,1405.31,16376.0,23.89,5,420,396.8125479221344
1784754339.863247,35,1405.31,16376.0,23.89,5,420,397.06272888183594
1784754340.1134381,35,1405.31,16376.0,25.21,32,420,397.3129200935364
1784754340.3636084,35,1405.31,16376.0,25.21,32,420,397.56309032440186
1784754340.613771,35,1405.31,16376.0,24.98,8,420,397.8132529258728
1784754340.8639176,35,1405.31,16376.0,24.98,8,420,398.06339955329895
1784754341.114109,35,1403.06,16376.0,23.6,63,210,398.31359100341797
1784754341.3643298,35,1403.06,16376.0,23.6,63,210,398.5638117790222
1784754341.614504,35,1403.06,16376.0,21.96,13,360,398.81398606300354
1784754341.864678,35,1403.06,16376.0,21.96,13,360,399.0641598701477
1784754342.1148446,35,1403.06,16376.0,20.79,5,360,399.3143265247345
1784754342.3650262,35,1403.06,16376.0,20.79,5,360,399.5645081996918
1784754342.6151838,34,1403.06,16376.0,20.09,12,360,399.81466579437256
1784754342.8653553,34,1403.06,16376.0,20.09,12,360,400.06483721733093
1784754343.1155243,34,1403.06,16376.0,19.96,4,360,400.3150062561035
1784754343.3657067,34,1403.06,16376.0,19.96,4,360,400.5651886463165
1784754343.6158698,34,1403.06,16376.0,20.14,20,210,400.81535172462463
1784754343.8660398,34,1403.06,16376.0,20.14,20,210,401.06552171707153
1784754344.1162188,34,1403.06,16376.0,19.98,9,210,401.31570076942444
1784754344.3663833,34,1403.06,16376.0,19.98,9,210,401.565865278244
1784754344.6165376,34,1403.06,16376.0,19.98,21,210,401.8160195350647
1784754344.866697,34,1403.06,16376.0,19.98,21,210,402.0661790370941
1784754345.116876,35,1403.06,16376.0,20.2,19,210,402.31635785102844
1784754345.3670478,35,1403.06,16376.0,20.2,19,210,402.566529750824
1784754345.6172144,34,1403.06,16376.0,20.32,13,210,402.81669640541077
1784754345.8673766,34,1403.06,16376.0,20.32,13,210,403.06685853004456
1784754346.1175444,35,1403.06,16376.0,20.45,24,210,403.31702637672424
1784754346.3677096,35,1403.06,16376.0,20.45,24,210,403.56719160079956
1784754346.6178713,34,1403.06,16376.0,20.54,18,210,403.8173532485962
1784754346.8680258,34,1403.06,16376.0,20.54,18,210,404.06750774383545
1784754347.1181796,35,1403.06,16376.0,20.77,31,210,404.31766152381897
1784754347.3683054,35,1403.06,16376.0,20.77,31,210,404.56778740882874
1784754347.6184678,34,1403.06,16376.0,20.84,20,210,404.8179497718811
1784754347.8686318,34,1403.06,16376.0,20.84,20,210,405.0681138038635
1784754348.1187892,34,1403.06,16376.0,20.87,24,210,405.31827116012573
1784754348.3689494,34,1403.06,16376.0,20.87,24,210,405.5684313774109
1784754348.619113,35,1403.06,16376.0,20.73,18,210,405.81859493255615
1784754348.8692749,35,1403.06,16376.0,20.73,18,210,406.06875681877136
1784754349.1194355,35,1403.06,16376.0,20.82,38,210,406.3189175128937
1784754349.3695936,35,1403.06,16376.0,20.82,38,210,406.5690755844116
1784754349.6197498,34,1403.06,16376.0,20.56,8,210,406.81923174858093
1784754349.869905,34,1403.06,16376.0,20.56,8,210,407.0693869590759
1784754350.1200593,34,1403.06,16376.0,20.64,31,210,407.3195412158966
1784754350.3702133,34,1403.06,16376.0,20.64,31,210,407.5696952342987
1784754350.6203763,34,1403.06,16376.0,20.95,32,210,407.8198583126068
1784754350.8705347,34,1403.06,16376.0,20.95,32,210,408.07001662254333
1784754351.1206918,34,1403.06,16376.0,21.05,31,210,408.32017374038696
1784754351.3708475,34,1403.06,16376.0,21.05,31,210,408.5703294277191
1784754351.6210063,34,1403.06,16376.0,20.8,11,210,408.8204882144928
1784754351.8711994,34,1403.06,16376.0,20.8,11,210,409.07068133354187
1784754352.1213906,35,1410.69,16376.0,20.68,67,210,409.3208725452423
1784754352.3715599,35,1410.69,16376.0,20.68,67,210,409.5710418224335
1784754352.62172,34,1410.69,16376.0,20.83,10,390,409.8212020397186
1784754352.8718934,34,1410.69,16376.0,20.83,10,390,410.07137537002563
1784754353.1220732,35,1404.94,16376.0,21.04,67,390,410.3215551376343
1784754353.3722515,35,1404.94,16376.0,21.04,67,390,410.57173347473145
1784754353.622424,35,1403.81,16376.0,23.71,36,615,410.82190585136414
1784754353.8725934,35,1403.81,16376.0,23.71,36,615,411.0720753669739
1784754354.1227636,35,1403.81,16376.0,25.11,4,615,411.32224559783936
1784754354.3729177,35,1403.81,16376.0,25.11,4,615,411.57239961624146
1784754354.6230745,35,1404.31,16376.0,24.8,10,615,411.8225564956665
1784754354.8732283,35,1404.31,16376.0,24.8,10,615,412.07271027565
1784754355.1233907,34,1404.31,16376.0,23.84,8,210,412.3228726387024
1784754355.3735478,34,1404.31,16376.0,23.84,8,210,412.573029756546
1784754355.6237085,34,1404.31,16376.0,21.73,21,210,412.82319045066833
1784754355.873857,34,1404.31,16376.0,21.73,21,210,413.0733389854431
1784754356.124009,34,1404.31,16376.0,19.8,11,210,413.323490858078
1784754356.3741794,34,1404.31,16376.0,19.8,11,210,413.57366132736206
1784754356.624311,34,1403.81,16376.0,20.01,8,210,413.8237929344177
1784754356.8744855,34,1404.06,16376.0,20.01,8,210,414.0739674568176
1784754357.1246548,35,1404.06,16376.0,20.57,68,210,414.3241367340088
1784754357.3748164,35,1404.06,16376.0,20.57,68,210,414.5742983818054
1784754357.624977,34,1404.06,16376.0,20.76,15,285,414.82445907592773
1784754357.8751361,34,1404.06,16376.0,20.76,15,285,415.07461810112
1784754358.1253119,35,1404.06,16376.0,20.9,62,285,415.3247938156128
1784754358.3754725,35,1404.06,16376.0,20.9,62,285,415.5749545097351
1784754358.6256325,35,1404.06,16376.0,22.23,7,570,415.8251144886017
1784754358.8757963,35,1404.06,16376.0,22.23,7,570,416.0752782821655
1784754359.1259665,35,1404.06,16376.0,23.9,3,570,416.325448513031
1784754359.3761766,35,1404.06,16376.0,23.9,3,570,416.5756585597992
1784754359.6263723,35,1404.06,16376.0,24.31,6,570,416.82585430145264
1784754359.8765483,35,1404.06,16376.0,24.31,6,570,417.076030254364
1784754360.126724,35,1404.06,16376.0,24.38,5,570,417.3262059688568
1784754360.3769107,35,1404.06,16376.0,24.38,5,570,417.57639265060425
1784754360.6270897,34,1404.06,16376.0,22.59,19,210,417.82657170295715
1784754360.877279,34,1404.06,16376.0,22.59,19,210,418.07676100730896
1784754361.127458,34,1404.06,16376.0,20.67,11,210,418.32694005966187
1784754361.3776448,34,1404.06,16376.0,20.67,11,210,418.5771267414093
1784754361.6277966,34,1404.06,16376.0,20.14,13,210,418.8272786140442
1784754361.8779826,34,1404.06,16376.0,20.14,13,210,419.0774645805359
1784754362.1282072,34,1404.06,16376.0,20.06,7,210,419.3276891708374
1784754362.3783956,34,1404.06,16376.0,20.06,7,210,419.5778775215149
1784754362.6285467,34,1404.06,16376.0,20.07,18,210,419.82802867889404
1784754362.8786998,34,1404.06,16376.0,20.07,18,210,420.0781817436218
1784754363.12885,34,1404.06,16376.0,20.0,17,210,420.32833194732666
1784754363.3789995,34,1404.06,16376.0,20.0,17,210,420.57848143577576
1784754363.6291769,34,1404.06,16376.0,20.08,10,210,420.8286588191986
1784754363.8793073,34,1404.06,16376.0,20.08,10,210,421.0787892341614
1784754364.1294858,34,1404.06,16376.0,20.06,13,210,421.3289678096771
1784754364.3796492,34,1404.06,16376.0,20.06,13,210,421.5791311264038
1784754364.629837,34,1404.06,16376.0,19.98,8,210,421.82931900024414
1784754364.8800054,34,1404.06,16376.0,19.98,8,210,422.079487323761
1784754365.1301851,34,1404.06,16376.0,19.92,13,210,422.32966709136963
1784754365.3803291,34,1404.06,16376.0,19.92,13,210,422.5798110961914
1784754365.6305146,34,1404.06,16376.0,19.91,8,210,422.82999658584595
1784754365.8806722,34,1404.06,16376.0,19.91,8,210,423.08015418052673
1784754366.130854,34,1404.06,16376.0,19.83,13,210,423.330335855484
1784754366.3810465,34,1404.06,16376.0,19.83,13,210,423.5805284976959
1784754366.6312408,34,1404.06,16376.0,19.8,7,210,423.8307228088379
1784754366.8814352,34,1404.06,16376.0,19.8,7,210,424.08091711997986
1784754367.1315873,34,1404.06,16376.0,19.82,14,210,424.3310692310333
1784754367.3817403,34,1404.06,16376.0,19.82,14,210,424.5812222957611
1784754367.6319013,34,1404.06,16376.0,19.77,10,210,424.831383228302
1784754367.882081,34,1404.06,16376.0,19.77,10,210,425.08156299591064
1784754368.1322446,34,1404.06,16376.0,19.88,13,210,425.3317265510559
1784754368.382398,34,1404.06,16376.0,19.88,13,210,425.58187985420227
1784754368.6325552,34,1404.06,16376.0,19.95,7,210,425.8320372104645
1784754368.882715,34,1404.06,16376.0,19.95,7,210,426.0821969509125
1784754369.1328697,34,1404.06,16376.0,19.89,18,210,426.3323516845703
1784754369.3830428,34,1404.06,16376.0,19.89,18,210,426.58252477645874
1784754369.6332023,34,1404.06,16376.0,19.71,7,210,426.83268427848816
1784754369.8833575,34,1404.06,16376.0,19.71,7,210,427.08283948898315
1784754370.133566,34,1404.06,16376.0,19.76,17,210,427.3330478668213
1784754370.38373,34,1404.06,16376.0,19.76,17,210,427.5832118988037
1784754370.6338801,34,1404.06,16376.0,19.81,13,210,427.83336210250854
1784754370.8840451,34,1404.06,16376.0,19.81,13,210,428.0835270881653
1784754371.1342041,34,1404.06,16376.0,20.08,8,210,428.33368611335754
1784754371.3843582,34,1404.06,16376.0,20.08,8,210,428.58384013175964
1784754371.6345038,34,1404.06,16376.0,20.24,16,210,428.8339858055115
1784754371.8846583,34,1404.06,16376.0,20.24,16,210,429.08414030075073
1784754372.1348112,34,1404.06,16376.0,20.3,11,210,429.33429312705994
1784754372.3849611,34,1404.06,16376.0,20.3,11,210,429.5844430923462
1784754372.6351247,34,1404.06,16376.0,20.32,13,210,429.83460664749146
1784754372.8852901,34,1404.06,16376.0,20.32,13,210,430.08477210998535
1784754373.1354532,34,1404.06,16376.0,20.18,8,210,430.33493518829346
1784754373.3856127,34,1404.06,16376.0,20.18,8,210,430.5850946903229
1784754373.6357815,34,1404.06,16376.0,20.16,17,210,430.8352634906769
1784754373.8859453,34,1404.06,16376.0,20.16,17,210,431.0854272842407
1784754374.1361094,34,1404.06,16376.0,20.12,7,210,431.33559131622314
1784754374.3862944,34,1404.06,16376.0,20.12,7,210,431.5857763290405
1784754374.6364706,34,1404.06,16376.0,19.97,13,210,431.8359525203705
1784754374.8866293,34,1404.06,16376.0,19.97,13,210,432.08611130714417
1784754375.1367805,34,1404.06,16376.0,19.82,8,210,432.3362624645233
1784754375.3869548,34,1404.06,16376.0,19.82,8,210,432.58643674850464
1784754375.6371117,34,1404.06,16376.0,19.73,13,210,432.8365936279297
1784754375.887271,34,1404.06,16376.0,19.73,13,210,433.0867528915405
1784754376.137432,34,1404.06,16376.0,19.74,12,210,433.3369140625
1784754376.3875835,34,1404.06,16376.0,19.74,12,210,433.58706545829773
1784754376.637754,34,1404.06,16376.0,19.76,14,210,433.8372359275818
1784754376.8879085,34,1404.06,16376.0,19.76,14,210,434.08739042282104
1784754377.1380632,34,1404.06,16376.0,19.73,9,210,434.3375451564789
1784754377.388211,34,1404.06,16376.0,19.73,9,210,434.5876929759979
1784754377.6383278,34,1404.06,16376.0,19.73,19,210,434.8378098011017
1784754377.888486,34,1404.06,16376.0,19.73,19,210,435.08796787261963
1784754378.1386378,34,1404.06,16376.0,19.8,9,210,435.3381197452545
1784754378.3887985,34,1404.06,16376.0,19.8,9,210,435.58828043937683
1784754378.6389518,34,1404.06,16376.0,19.85,19,210,435.8384337425232
1784754378.8890996,34,1404.06,16376.0,19.85,19,210,436.08858156204224
1784754379.1392713,34,1404.06,16376.0,19.94,9,210,436.3387532234192
1784754379.389459,34,1404.06,16376.0,19.94,9,210,436.58894085884094
1784754379.639592,34,1404.06,16376.0,20.13,17,210,436.8390738964081
1784754379.8897507,34,1404.06,16376.0,20.13,17,210,437.08923268318176
1784754380.1399236,34,1404.06,16376.0,20.06,10,210,437.3394055366516
1784754380.3901174,34,1404.06,16376.0,20.06,10,210,437.5895993709564
1784754380.6402786,34,1404.06,16376.0,20.0,12,210,437.8397605419159
1784754380.8904505,34,1404.06,16376.0,20.0,12,210,438.0899324417114
1784754381.140659,34,1404.06,16376.0,19.96,9,210,438.34014105796814
1784754381.3908584,34,1404.06,16376.0,19.96,9,210,438.59034037590027
1784754381.6410096,34,1404.06,16376.0,20.08,10,210,438.8404915332794
1784754381.8911674,34,1404.06,16376.0,20.08,10,210,439.0906493663788
1784754382.1413095,34,1404.06,16376.0,20.14,18,210,439.34079146385193
1784754382.3914819,34,1404.06,16376.0,20.14,18,210,439.5909638404846
1784754382.6416528,34,1404.06,16376.0,20.02,8,210,439.84113478660583
1784754382.891812,34,1404.06,16376.0,20.02,8,210,440.0912940502167
1784754383.141961,34,1404.06,16376.0,20.1,17,210,440.3414430618286
1784754383.392113,34,1404.06,16376.0,20.1,17,210,440.5915949344635
1784754383.642324,34,1404.06,16376.0,20.13,10,210,440.841805934906
1784754383.892526,34,1404.06,16376.0,20.13,10,210,441.0920078754425
1784754384.1427162,34,1404.06,16376.0,20.0,13,210,441.3421981334686
1784754384.3929062,34,1404.06,16376.0,20.0,13,210,441.5923881530762
1784754384.6430898,34,1404.06,16376.0,19.87,8,210,441.8425717353821
1784754384.8932726,34,1404.06,16376.0,19.87,8,210,442.09275460243225
1784754385.1434357,34,1404.06,16376.0,19.93,15,210,442.34291768074036
1784754385.3936095,34,1404.06,16376.0,19.93,15,210,442.5930914878845
1784754385.6438274,34,1404.06,16376.0,19.82,7,210,442.8433094024658
1784754385.894013,34,1404.06,16376.0,19.82,7,210,443.09349489212036
1784754386.144185,34,1404.06,16376.0,19.82,13,210,443.3436670303345
1784754386.3943675,34,1404.06,16376.0,19.82,13,210,443.5938494205475
1784754386.6445625,34,1404.06,16376.0,19.75,8,210,443.8440444469452
1784754386.894737,34,1404.06,16376.0,19.75,8,210,444.0942189693451
1784754387.144903,34,1404.06,16376.0,19.81,18,210,444.34438490867615
1784754387.3950758,34,1404.06,16376.0,19.81,18,210,444.594557762146
1784754387.6453013,34,1404.06,16376.0,19.74,8,210,444.8447833061218
1784754387.8954825,34,1404.06,16376.0,19.74,8,210,445.09496450424194
1784754388.1456552,34,1404.06,16376.0,19.76,14,210,445.3451371192932
1784754388.3958242,34,1404.06,16376.0,19.76,14,210,445.5953061580658
1784754388.6460035,34,1404.06,16376.0,19.68,7,210,445.8454854488373
1784754388.896189,34,1404.06,16376.0,19.68,7,210,446.0956709384918
1784754389.1463299,34,1404.06,16376.0,19.76,16,210,446.34581184387207
1784754389.3965032,34,1404.06,16376.0,19.76,16,210,446.5959851741791
1784754389.6466596,34,1404.06,16376.0,19.76,8,210,446.84614157676697
1784754389.896811,34,1404.06,16376.0,19.76,8,210,447.0962929725647
1784754390.1469586,34,1404.06,16376.0,19.83,7,210,447.34644055366516
1784754390.3971305,34,1404.06,16376.0,19.83,7,210,447.5966124534607
1784754390.647334,34,1404.06,16376.0,19.95,20,210,447.84681606292725
1784754390.897539,34,1404.06,16376.0,19.95,20,210,448.0970208644867
1784754391.1477165,34,1404.06,16376.0,20.0,9,210,448.3471984863281
1784754391.3978984,34,1404.06,16376.0,20.0,9,210,448.597380399704
1784754391.6480618,34,1404.06,16376.0,19.89,15,210,448.84754371643066
1784754391.898252,34,1404.06,16376.0,19.89,15,210,449.0977339744568
1784754392.1484292,34,1404.06,16376.0,19.83,9,210,449.34791111946106
1784754392.3985968,34,1404.06,16376.0,19.83,9,210,449.59807872772217
1784754392.648751,34,1404.06,16376.0,19.89,15,210,449.84823298454285
1784754392.8989048,34,1404.06,16376.0,19.89,15,210,450.09838676452637
1784754393.1490684,34,1404.06,16376.0,19.72,8,210,450.34855031967163
1784754393.3992505,34,1404.06,16376.0,19.72,8,210,450.59873247146606
1784754393.649404,34,1404.06,16376.0,19.68,14,210,450.848886013031
1784754393.8995583,34,1404.06,16376.0,19.68,14,210,451.0990402698517
1784754394.1497104,34,1404.06,16376.0,19.74,7,210,451.34919238090515
1784754394.399873,34,1404.06,16376.0,19.74,7,210,451.5993549823761
1784754394.650065,34,1404.06,16376.0,19.82,15,210,451.8495469093323
1784754394.9002695,34,1404.06,16376.0,19.82,15,210,452.09975147247314
1784754395.1504452,34,1404.06,16376.0,19.86,10,210,452.34992718696594
1784754395.4006097,34,1404.06,16376.0,19.86,10,210,452.6000916957855
1784754395.650783,34,1404.06,16376.0,19.99,15,210,452.85026502609253
1784754395.900966,34,1404.06,16376.0,19.99,15,210,453.1004478931427
1784754396.151138,34,1404.06,16376.0,20.05,9,210,453.3506200313568
1784754396.401316,34,1404.06,16376.0,20.05,9,210,453.6007978916168
1784754396.6514945,34,1404.06,16376.0,19.89,15,210,453.85097646713257
1784754396.901664,34,1404.06,16376.0,19.89,15,210,454.1011459827423
1784754397.1518137,34,1404.06,16376.0,19.75,8,210,454.35129570961
1784754397.4019885,34,1404.06,16376.0,19.75,8,210,454.60147047042847
1784754397.6521585,34,1404.06,16376.0,19.7,16,210,454.85164046287537
1784754397.9023244,34,1404.06,16376.0,19.7,16,210,455.1018064022064
1784754398.1524935,34,1404.06,16376.0,19.68,9,210,455.351975440979
1784754398.4026892,34,1404.06,16376.0,19.68,9,210,455.60217118263245
1784754398.6528795,34,1404.06,16376.0,19.74,16,210,455.85236144065857
1784754398.9030683,34,1404.06,16376.0,19.74,16,210,456.1025502681732
1784754399.1532607,34,1404.06,16376.0,19.8,7,210,456.35274267196655
1784754399.4034517,34,1404.06,16376.0,19.8,7,210,456.6029336452484
1784754399.6536434,34,1404.06,16376.0,19.95,12,210,456.853125333786
1784754399.9038196,34,1404.06,16376.0,19.95,12,210,457.10330152511597
1784754400.153993,34,1404.06,16376.0,19.97,17,210,457.353474855423
1784754400.4041686,34,1404.06,16376.0,19.97,17,210,457.60365056991577
1784754400.6543329,34,1404.06,16376.0,20.04,7,210,457.8538148403168
1784754400.9044845,34,1404.06,16376.0,20.04,7,210,458.1039664745331
1784754401.1546583,34,1404.06,16376.0,20.12,16,210,458.35414028167725
1784754401.404841,34,1404.06,16376.0,20.12,16,210,458.60432291030884
1784754401.6549854,34,1404.06,16376.0,20.01,8,210,458.8544673919678
1784754401.9051402,34,1404.06,16376.0,20.01,8,210,459.1046221256256
1784754402.155295,34,1404.06,16376.0,19.89,14,210,459.35477685928345
1784754402.4054558,34,1404.06,16376.0,19.89,14,210,459.60493779182434
1784754402.6556435,34,1404.06,16376.0,19.89,9,210,459.8551254272461
1784754402.9058175,34,1404.06,16376.0,19.89,9,210,460.10529947280884
1784754403.1559699,34,1404.06,16376.0,20.0,14,210,460.3554518222809
1784754403.4061184,34,1404.06,16376.0,20.0,14,210,460.60560035705566
1784754403.6562688,34,1404.06,16376.0,19.99,9,210,460.8557507991791
1784754403.9064069,34,1404.06,16376.0,19.99,9,210,461.1058888435364
1784754404.1565816,34,1404.06,16376.0,19.98,13,210,461.35606360435486
1784754404.4067602,34,1404.06,16376.0,19.98,13,210,461.6062421798706
1784754404.6569352,34,1404.06,16376.0,20.04,13,210,461.85641717910767
1784754404.9071093,34,1404.06,16376.0,20.04,13,210,462.1065912246704
1784754405.1572769,34,1404.06,16376.0,20.03,14,210,462.3567588329315
1784754405.4074593,34,1404.06,16376.0,20.03,14,210,462.60694122314453
1784754405.657614,34,1404.06,16376.0,20.03,10,210,462.85709595680237
1784754405.9077785,34,1404.06,16376.0,20.03,10,210,463.10726046562195
1784754406.1579525,34,1404.06,16376.0,20.0,15,210,463.3574345111847
1784754406.4081237,34,1404.06,16376.0,20.0,15,210,463.6076056957245
1784754406.6582925,34,1404.06,16376.0,19.92,11,210,463.8577744960785
1784754406.908451,34,1404.06,16376.0,19.92,11,210,464.1079330444336
1784754407.1585987,34,1404.06,16376.0,20.07,15,210,464.35808062553406
1784754407.408757,34,1404.06,16376.0,20.07,15,210,464.6082389354706
1784754407.6589139,34,1404.06,16376.0,20.11,11,210,464.85839581489563
1784754407.9090946,34,1404.06,16376.0,20.11,11,210,465.1085765361786
1784754408.1592479,34,1404.06,16376.0,20.0,15,210,465.35872983932495
1784754408.4094005,34,1404.06,16376.0,20.0,15,210,465.6088824272156
1784754408.6595628,34,1404.06,16376.0,19.95,10,210,465.85904479026794
1784754408.9097185,34,1404.06,16376.0,19.95,10,210,466.1092004776001
1784754409.1598873,34,1404.06,16376.0,20.08,18,210,466.3593692779541
1784754409.410052,34,1404.06,16376.0,20.08,18,210,466.60953402519226
1784754409.6602118,34,1404.06,16376.0,20.05,10,210,466.85969376564026
1784754409.910364,34,1404.06,16376.0,20.05,10,210,467.1098458766937
1784754410.1605113,34,1404.06,16376.0,20.04,16,210,467.3599932193756
1784754410.4106681,34,1404.06,16376.0,20.04,16,210,467.61015009880066
1784754410.660852,34,1404.06,16376.0,19.88,7,210,467.86033391952515
1784754410.9110084,34,1404.06,16376.0,19.88,7,210,468.11049032211304
1784754411.1611779,34,1404.06,16376.0,19.87,13,210,468.3606598377228
1784754411.4113057,34,1404.06,16376.0,19.87,13,210,468.6107876300812
1784754411.661483,34,1404.06,16376.0,19.77,9,210,468.860965013504
1784754411.9116395,34,1404.06,16376.0,19.77,9,210,469.1111214160919
1784754412.1618035,34,1404.06,16376.0,19.8,13,210,469.36128544807434
1784754412.4119647,34,1404.06,16376.0,19.8,13,210,469.6114466190338
1784754412.6621318,34,1404.06,16376.0,19.81,7,210,469.86161375045776
1784754412.912304,34,1404.06,16376.0,19.81,7,210,470.1117858886719
1784754413.1624568,34,1404.06,16376.0,19.82,11,210,470.3619387149811
1784754413.4126267,34,1404.06,16376.0,19.82,11,210,470.612108707428
1784754413.6628,34,1404.06,16376.0,19.79,16,210,470.862282037735
1784754413.912957,34,1404.06,16376.0,19.79,16,210,471.11243891716003
1784754414.163107,34,1404.06,16376.0,19.79,7,210,471.3625888824463
1784754414.4132833,34,1404.06,16376.0,19.79,7,210,471.6127653121948
1784754414.6634414,34,1404.06,16376.0,19.82,15,210,471.86292338371277
1784754414.9135926,34,1404.06,16376.0,19.82,15,210,472.1130745410919
1784754415.1637623,34,1404.06,16376.0,19.78,8,210,472.36324429512024
1784754415.4139817,34,1404.06,16376.0,19.78,8,210,472.613463640213
1784754415.6641612,34,1404.06,16376.0,19.72,15,210,472.8636431694031
1784754415.914304,34,1404.06,16376.0,19.72,15,210,473.11378598213196
1784754416.1644647,34,1404.06,16376.0,19.64,9,210,473.3639466762543
1784754416.414639,34,1404.06,16376.0,19.64,9,210,473.6141209602356
1784754416.664812,34,1404.06,16376.0,19.75,16,210,473.864294052124
1784754416.9149668,34,1404.06,16376.0,19.75,16,210,474.11444878578186
1784754417.1651137,34,1404.06,16376.0,19.81,8,210,474.3645956516266
1784754417.4152706,34,1404.06,16376.0,19.81,8,210,474.61475253105164
1784754417.6654277,34,1404.06,16376.0,19.9,15,210,474.86490964889526
1784754417.915602,34,1404.06,16376.0,19.9,15,210,475.1150839328766
1784754418.1657822,34,1404.06,16376.0,19.87,10,210,475.3652641773224
1784754418.415964,34,1404.06,16376.0,19.87,10,210,475.61544585227966
1784754418.6661239,34,1404.06,16376.0,20.04,16,210,475.86560583114624
1784754418.916298,34,1404.06,16376.0,20.04,16,210,476.115779876709
1784754419.1664605,34,1404.06,16376.0,20.06,7,210,476.36594247817993
1784754419.4166174,34,1404.06,16376.0,20.06,7,210,476.616099357605
1784754419.6667895,34,1404.06,16376.0,19.97,13,210,476.8662714958191
1784754419.9169624,34,1404.06,16376.0,19.97,13,210,477.11644434928894
1784754420.167132,34,1404.06,16376.0,19.8,9,210,477.3666138648987
1784754420.4172885,34,1404.06,16376.0,19.8,9,210,477.61677050590515
1784754420.6674364,34,1404.06,16376.0,19.8,15,210,477.8669183254242
1784754420.9175868,34,1404.06,16376.0,19.8,15,210,478.1170687675476
1784754421.1677415,34,1404.06,16376.0,19.69,7,210,478.36722350120544
1784754421.4178898,34,1404.06,16376.0,19.69,7,210,478.61737179756165
1784754421.6680472,34,1404.06,16376.0,19.84,15,210,478.86752915382385
1784754421.918223,34,1404.06,16376.0,19.84,15,210,479.11770486831665
1784754422.168383,34,1404.06,16376.0,19.87,12,210,479.3678648471832
1784754422.4185514,34,1404.06,16376.0,19.87,12,210,479.61803340911865
1784754422.6687016,34,1404.06,16376.0,19.79,13,210,479.8681836128235
1784754422.9188707,34,1404.06,16376.0,19.79,13,210,480.11835265159607
1784754423.1690476,34,1404.06,16376.0,19.75,11,210,480.36852955818176
1784754423.419224,34,1404.06,16376.0,19.75,11,210,480.6187059879303
1784754423.6693807,34,1404.06,16376.0,19.91,15,210,480.86886262893677
1784754423.9195561,34,1404.06,16376.0,19.91,15,210,481.119038105011
1784754424.1697226,34,1404.06,16376.0,19.96,7,210,481.3692045211792
1784754424.4198794,34,1404.06,16376.0,19.96,7,210,481.61936140060425
1784754424.6700304,34,1404.06,16376.0,19.97,14,210,481.8695123195648
1784754424.9201894,34,1404.06,16376.0,19.97,14,210,482.1196713447571
1784754425.1703594,34,1404.06,16376.0,20.05,12,210,482.369841337204
1784754425.420514,34,1404.06,16376.0,20.05,12,210,482.6199960708618
1784754425.6706655,34,1404.06,16376.0,20.15,15,210,482.87014746665955
1784754425.920848,34,1404.06,16376.0,20.15,15,210,483.12032985687256
1784754426.1710334,34,1404.06,16376.0,20.18,11,210,483.3705153465271
1784754426.421202,34,1404.06,16376.0,20.18,11,210,483.6206839084625
1784754426.6713996,34,1404.06,16376.0,20.2,16,210,483.8708815574646
1784754426.921599,34,1404.06,16376.0,20.2,16,210,484.12108087539673
1784754427.171771,34,1404.06,16376.0,20.07,13,210,484.37125301361084
1784754427.4219284,34,1404.06,16376.0,20.07,13,210,484.62141036987305
1784754427.6720777,34,1404.06,16376.0,20.09,15,210,484.87155961990356
1784754427.922236,34,1404.06,16376.0,20.09,15,210,485.1217179298401
1784754428.1723886,34,1404.06,16376.0,20.08,12,210,485.3718705177307
1784754428.4225388,34,1404.06,16376.0,20.08,12,210,485.62202072143555
1784754428.6726928,34,1404.06,16376.0,20.0,15,210,485.87217473983765
1784754428.922884,34,1404.06,16376.0,20.0,15,210,486.1223659515381
1784754429.173067,34,1404.06,16376.0,19.97,12,210,486.37254905700684
1784754429.423223,34,1404.06,16376.0,19.97,12,210,486.62270498275757
1784754429.673367,34,1404.06,16376.0,19.87,7,210,486.87284898757935
1784754429.9235177,34,1404.06,16376.0,19.87,7,210,487.12299966812134
1784754430.1736681,34,1404.06,16376.0,19.8,16,210,487.37315011024475
1784754430.4238608,34,1404.06,16376.0,19.8,16,210,487.62334275245667
1784754430.6740377,34,1404.06,16376.0,19.8,6,210,487.87351965904236
1784754430.924178,34,1404.06,16376.0,19.8,6,210,488.12365984916687
1784754431.1743011,34,1404.06,16376.0,19.76,14,210,488.37378311157227
1784754431.4244483,34,1404.06,16376.0,19.76,14,210,488.62393021583557
1784754431.674591,34,1404.06,16376.0,19.65,8,210,488.87407302856445
1784754431.9247546,34,1404.06,16376.0,19.65,8,210,489.1242365837097
1784754432.1749053,34,1404.06,16376.0,19.77,14,210,489.3743872642517
1784754432.4250913,34,1404.06,16376.0,19.77,14,210,489.6245732307434
1784754432.6752377,34,1404.06,16376.0,19.76,6,210,489.874719619751
1784754432.925402,34,1404.06,16376.0,19.76,6,210,490.124883890152
1784754433.175556,34,1404.06,16376.0,19.69,15,210,490.3750379085541
1784754433.4257224,34,1404.06,16376.0,19.69,15,210,490.6252043247223
1784754433.6758997,34,1404.06,16376.0,19.76,9,210,490.87538170814514
1784754433.92607,34,1404.06,16376.0,19.76,9,210,491.1255519390106
1784754434.1762202,34,1404.06,16376.0,19.81,14,210,491.37570214271545
1784754434.426412,34,1404.06,16376.0,19.81,14,210,491.62589406967163
1784754434.676599,34,1404.06,16376.0,19.73,8,210,491.87608098983765
1784754434.9267485,34,1404.06,16376.0,19.73,8,210,492.12623047828674
1784754435.1768985,34,1404.06,16376.0,19.93,21,210,492.376380443573
1784754435.427065,34,1404.06,16376.0,19.93,21,210,492.6265468597412
1784754435.6772208,34,1404.06,16376.0,20.03,9,210,492.87670278549194
1784754435.927377,34,1404.06,16376.0,20.03,9,210,493.12685894966125
1784754436.1775248,34,1404.06,16376.0,20.07,15,210,493.3770067691803
1784754436.4276822,34,1404.06,16376.0,20.07,15,210,493.6271641254425
1784754436.6778092,34,1404.06,16376.0,19.98,9,210,493.87729120254517
1784754436.927957,34,1404.06,16376.0,19.98,9,210,494.1274390220642
1784754437.1781046,34,1404.06,16376.0,19.95,16,210,494.3775866031647
1784754437.4282782,34,1404.06,16376.0,19.95,16,210,494.62776017189026
1784754437.6784353,34,1404.06,16376.0,19.96,7,210,494.8779172897339
1784754437.9285989,34,1404.06,16376.0,19.96,7,210,495.12808084487915
1784754438.1787663,34,1404.06,16376.0,19.99,13,210,495.3782482147217
1784754438.4289181,34,1404.06,16376.0,19.99,13,210,495.62840008735657
1784754438.6790686,34,1404.06,16376.0,19.76,7,210,495.87855052948
1784754438.929217,34,1404.06,16376.0,19.76,7,210,496.12869906425476
1784754439.1793647,34,1404.06,16376.0,19.83,14,210,496.3788466453552
1784754439.4295223,34,1404.06,16376.0,19.83,14,210,496.629004240036
1784754439.679678,34,1404.06,16376.0,19.77,8,210,496.87915992736816
1784754439.9298294,34,1404.06,16376.0,19.77,8,210,497.1293113231659
1784754440.1799757,34,1404.06,16376.0,19.74,14,210,497.37945771217346
1784754440.4300995,34,1404.06,16376.0,19.74,14,210,497.629581451416
1784754440.6802595,34,1404.06,16376.0,19.77,8,210,497.8797414302826
1784754440.9304097,34,1404.06,16376.0,19.77,8,210,498.1298916339874
1784754441.1805668,34,1404.06,16376.0,19.84,9,210,498.38004875183105
1784754441.430717,34,1404.06,16376.0,19.84,9,210,498.6301989555359
1784754441.6808577,34,1404.06,16376.0,19.85,15,210,498.88033962249756
1784754441.9310186,34,1404.06,16376.0,19.85,15,210,499.13050055503845
1784754442.1811633,34,1404.06,16376.0,19.91,8,210,499.38064527511597
1784754442.4313123,34,1404.06,16376.0,19.91,8,210,499.6307942867279
1784754442.6814795,34,1404.06,16376.0,20.01,13,210,499.88096141815186
1784754442.9316425,34,1404.06,16376.0,20.01,13,210,500.13112449645996
1784754443.181795,34,1404.06,16376.0,19.9,9,210,500.381276845932
1784754443.431947,34,1404.06,16376.0,19.9,9,210,500.6314289569855
1784754443.682116,34,1404.06,16376.0,20.03,17,210,500.88159799575806
1784754443.9322906,34,1404.06,16376.0,20.03,17,210,501.13177251815796
1784754444.1824427,34,1404.06,16376.0,20.12,10,210,501.3819246292114
1784754444.4326055,34,1404.06,16376.0,20.12,10,210,501.63208746910095
1784754444.682777,34,1404.06,16376.0,20.05,14,210,501.8822588920593
1784754444.932934,34,1404.06,16376.0,20.05,14,210,502.13241600990295
1784754445.1830814,34,1404.06,16376.0,19.96,8,210,502.38256335258484
1784754445.4332244,34,1404.06,16376.0,19.96,8,210,502.6327064037323
1784754445.6833866,34,1404.06,16376.0,20.05,17,210,502.8828685283661
1784754445.9335468,34,1404.06,16376.0,20.05,17,210,503.13302874565125
1784754446.1837058,34,1404.06,16376.0,19.99,9,210,503.3831877708435
1784754446.433862,34,1404.06,16376.0,19.99,9,210,503.6333439350128
1784754446.6840172,34,1404.06,16376.0,20.07,17,210,503.8834991455078
1784754446.934179,34,1404.06,16376.0,20.07,17,210,504.133661031723
1784754447.1843238,34,1404.06,16376.0,20.08,10,210,504.38380575180054
1784754447.434472,34,1404.06,16376.0,20.08,10,210,504.63395404815674
1784754447.6846287,34,1404.06,16376.0,20.01,16,210,504.8841106891632
1784754447.934788,34,1404.06,16376.0,20.01,16,210,505.13426995277405
1784754448.184944,34,1404.06,16376.0,19.94,8,210,505.3844258785248
1784754448.4350994,34,1404.06,16376.0,19.94,8,210,505.63458132743835
1784754448.6852708,34,1404.06,16376.0,19.94,21,210,505.88475275039673
1784754448.9354289,34,1404.06,16376.0,19.94,21,210,506.1349108219147
1784754449.1855886,34,1404.06,16376.0,19.78,9,210,506.38507056236267
1784754449.4357555,34,1404.06,16376.0,19.78,9,210,506.63523745536804
1784754449.685937,34,1404.06,16376.0,19.76,8,210,506.88541889190674
1784754449.9361022,34,1404.06,16376.0,19.76,8,210,507.13558411598206
1784754450.1862726,34,1404.06,16376.0,19.71,15,210,507.3857545852661
1784754450.436426,34,1404.06,16376.0,19.71,15,210,507.6359078884125
1784754450.6865737,34,1404.06,16376.0,19.65,8,210,507.8860557079315
1784754450.9367309,34,1404.06,16376.0,19.65,8,210,508.13621282577515
1784754451.1869063,34,1404.06,16376.0,19.69,14,210,508.38638830184937
1784754451.437061,34,1404.06,16376.0,19.69,14,210,508.6365430355072
1784754451.6872067,34,1404.06,16376.0,19.92,8,210,508.88668870925903
1784754451.937361,34,1404.06,16376.0,19.92,8,210,509.1368429660797
1784754452.1875377,34,1404.06,16376.0,19.97,15,210,509.3870196342468
1784754452.4376988,34,1404.06,16376.0,19.97,15,210,509.6371808052063
1784754452.687878,34,1404.06,16376.0,19.72,7,210,509.8873598575592
1784754452.9380414,34,1404.06,16376.0,19.72,7,210,510.13752341270447
1784754453.188203,34,1404.06,16376.0,19.71,15,210,510.3876850605011
1784754453.4383566,34,1404.06,16376.0,19.71,15,210,510.63783860206604
1784754453.68853,34,1404.06,16376.0,19.72,8,210,510.88801193237305
1784754453.9386888,34,1404.06,16376.0,19.72,8,210,511.13817071914673
1784754454.188866,34,1404.06,16376.0,19.64,14,210,511.388347864151
1784754454.4390354,34,1404.06,16376.0,19.64,14,210,511.63851737976074
1784754454.689216,34,1404.06,16376.0,19.67,10,210,511.8886978626251
1784754454.9393857,34,1404.06,16376.0,19.67,10,210,512.1388676166534
1784754455.189542,34,1404.06,16376.0,19.83,13,210,512.3890240192413
1784754455.4396944,34,1404.06,16376.0,19.83,13,210,512.6391763687134
1784754455.68984,34,1404.06,16376.0,19.94,10,210,512.8893220424652
1784754455.9399836,34,1404.06,16376.0,19.94,10,210,513.1394655704498
1784754456.1901312,34,1404.06,16376.0,19.94,15,210,513.3896131515503
1784754456.4402843,34,1404.06,16376.0,19.94,15,210,513.6397662162781
1784754456.6904802,34,1404.06,16376.0,19.96,10,210,513.8899621963501
1784754456.9406264,34,1404.06,16376.0,19.96,10,210,514.1401083469391
1784754457.1907768,34,1404.06,16376.0,20.06,16,210,514.3902587890625
1784754457.4409335,34,1404.06,16376.0,20.06,16,210,514.640415430069
1784754457.691044,34,1404.06,16376.0,20.0,10,210,514.8905260562897
1784754457.9411883,34,1404.06,16376.0,20.0,10,210,515.14067029953
1784754458.1913524,34,1404.06,16376.0,19.98,14,210,515.3908343315125
1784754458.4415114,34,1404.06,16376.0,19.98,14,210,515.6409933567047
1784754458.6916656,34,1404.06,16376.0,19.98,9,210,515.8911476135254
1784754458.9418175,34,1404.06,16376.0,19.98,9,210,516.1412994861603
1784754459.191994,34,1404.06,16376.0,19.92,13,210,516.3914759159088
1784754459.4421597,34,1404.06,16376.0,19.92,13,210,516.6416416168213
1784754459.6923044,34,1404.06,16376.0,19.77,8,210,516.8917863368988
1784754459.9424515,34,1404.06,16376.0,19.77,8,210,517.1419334411621
1784754460.1925983,34,1404.06,16376.0,19.67,6,210,517.3920803070068
1784754460.4427392,34,1404.06,16376.0,19.67,6,210,517.6422212123871
1784754460.6928537,34,1404.06,16376.0,19.71,16,210,517.892335653305
1784754460.9429994,34,1404.06,16376.0,19.71,16,210,518.1424813270569
1784754461.1931412,34,1404.06,16376.0,19.65,6,210,518.3926231861115
1784754461.443289,34,1404.06,16376.0,19.65,6,210,518.6427710056305
1784754461.6934924,34,1404.06,16376.0,19.65,11,210,518.8929743766785
1784754461.943642,34,1404.06,16376.0,19.65,11,210,519.1431238651276
1784754462.1937852,34,1404.06,16376.0,19.75,8,210,519.3932671546936
1784754462.4439392,34,1404.06,16376.0,19.75,8,210,519.6434211730957
1784754462.6940804,34,1404.06,16376.0,19.82,16,210,519.8935623168945
1784754462.944229,34,1404.06,16376.0,19.82,16,210,520.1437108516693
1784754463.1943824,34,1404.06,16376.0,19.9,8,210,520.3938643932343
1784754463.444531,34,1404.06,16376.0,19.9,8,210,520.644012928009
1784754463.69468,34,1404.06,16376.0,19.98,16,210,520.894161939621
1784754463.9448252,34,1404.06,16376.0,19.98,16,210,521.1443071365356
1784754464.1949666,34,1404.06,16376.0,20.03,12,210,521.394448518753
1784754464.4451132,34,1404.06,16376.0,20.03,12,210,521.6445951461792
1784754464.6952653,34,1404.06,16376.0,20.16,19,210,521.8947472572327
1784754464.9454165,34,1404.06,16376.0,20.16,19,210,522.1448984146118
1784754465.1955662,34,1404.06,16376.0,20.14,10,210,522.3950481414795
1784754465.4457383,34,1404.06,16376.0,20.14,10,210,522.6452202796936
1784754465.6959057,34,1404.06,16376.0,20.2,15,210,522.8953876495361
1784754465.9460256,34,1404.06,16376.0,20.2,15,210,523.1455075740814
1784754466.196174,34,1404.06,16376.0,20.23,11,210,523.3956558704376
1784754466.4463055,34,1404.06,16376.0,20.23,11,210,523.6457874774933
1784754466.6964588,34,1404.06,16376.0,20.17,13,210,523.8959407806396
1784754466.9466064,34,1404.06,16376.0,20.17,13,210,524.1460883617401
1784754467.1967554,34,1404.06,16376.0,19.98,8,210,524.396237373352
1784754467.446884,34,1404.06,16376.0,19.98,8,210,524.6463658809662
1784754467.6970398,34,1404.06,16376.0,19.85,15,210,524.8965218067169
1784754467.9471931,34,1404.06,16376.0,19.85,15,210,525.1466751098633
1784754468.1973212,34,1404.06,16376.0,19.96,11,210,525.3968031406403
1784754468.4474783,34,1404.06,16376.0,19.96,11,210,525.6469602584839
1784754468.6976447,34,1404.06,16376.0,20.12,14,210,525.8971266746521
1784754468.9478009,34,1404.06,16376.0,20.12,14,210,526.1472828388214
1784754469.1979432,34,1404.06,16376.0,19.95,8,210,526.3974251747131
1784754469.4480853,34,1404.06,16376.0,19.95,8,210,526.6475672721863
1784754469.6982386,34,1404.06,16376.0,19.94,14,210,526.8977205753326
1784754469.9484174,34,1404.06,16376.0,19.94,14,210,527.147899389267
1784754470.198572,34,1404.06,16376.0,19.87,7,210,527.3980538845062
1784754470.4487438,34,1404.06,16376.0,19.87,7,210,527.6482257843018
1784754470.698889,34,1404.06,16376.0,19.89,13,210,527.8983709812164
1784754470.9490373,34,1404.06,16376.0,19.89,13,210,528.1485192775726
1784754471.1991863,34,1404.06,16376.0,19.9,14,210,528.3986682891846
1784754471.4493186,34,1404.06,16376.0,19.9,14,210,528.648800611496
1784754471.6994944,34,1404.06,16376.0,19.83,10,210,528.8989763259888
1784754471.949663,34,1404.06,16376.0,19.83,10,210,529.1491448879242
1784754472.1998208,34,1404.06,16376.0,19.94,15,210,529.3993027210236
1784754472.4499984,34,1404.06,16376.0,19.94,15,210,529.649480342865
1784754472.7001863,34,1404.06,16376.0,20.02,10,210,529.8996682167053
1784754472.9503088,34,1404.06,16376.0,20.02,10,210,530.149790763855
1784754473.2004867,34,1404.06,16376.0,20.03,17,210,530.399968624115
1784754473.4506612,34,1404.06,16376.0,20.03,17,210,530.6501431465149
1784754473.7008214,34,1404.06,16376.0,20.04,6,210,530.9003033638
1784754473.9509776,34,1404.06,16376.0,20.04,6,210,531.1504595279694
1784754474.201133,34,1404.06,16376.0,20.06,19,210,531.4006149768829
1784754474.451303,34,1404.06,16376.0,20.06,19,210,531.6507849693298
1784754474.7014596,34,1404.06,16376.0,20.05,11,210,531.9009416103363
1784754474.9516187,34,1404.06,16376.0,20.05,11,210,532.1511006355286
1784754475.201789,34,1404.06,16376.0,20.07,16,210,532.401270866394
1784754475.4519706,34,1404.06,16376.0,20.07,16,210,532.6514525413513
1784754475.7021255,34,1404.06,16376.0,20.14,12,210,532.9016075134277
1784754475.9522796,34,1404.06,16376.0,20.14,12,210,533.1517615318298
1784754476.2024317,34,1404.06,16376.0,20.07,14,210,533.4019136428833
1784754476.4525805,34,1404.06,16376.0,20.07,14,210,533.6520624160767
1784754476.7027383,34,1404.06,16376.0,19.93,8,210,533.902220249176
1784754476.952901,34,1404.06,16376.0,19.93,8,210,534.152382850647
1784754477.2030554,34,1404.06,16376.0,19.98,13,210,534.4025373458862
1784754477.4532058,34,1404.06,16376.0,19.98,13,210,534.6526877880096
1784754477.7033572,34,1404.06,16376.0,20.04,9,210,534.9028391838074
1784754477.9535108,34,1404.06,16376.0,20.04,9,210,535.1529927253723
1784754478.2036793,34,1404.06,16376.0,19.92,13,210,535.4031612873077
1784754478.4538426,34,1404.06,16376.0,19.92,13,210,535.6533246040344
1784754478.7040014,34,1404.06,16376.0,19.76,8,210,535.9034833908081
1784754478.9541445,34,1404.06,16376.0,19.76,8,210,536.1536264419556
1784754479.2042997,34,1404.06,16376.0,19.67,14,210,536.4037816524506
1784754479.454474,34,1404.06,16376.0,19.67,14,210,536.6539559364319
1784754479.7046251,34,1404.06,16376.0,19.76,8,210,536.904107093811
1784754479.9547746,34,1404.06,16376.0,19.76,8,210,537.1542565822601
1784754480.2049258,34,1404.06,16376.0,19.89,15,210,537.4044077396393
1784754480.4550786,34,1404.06,16376.0,19.89,15,210,537.6545605659485
1784754480.7052283,34,1404.06,16376.0,19.97,9,210,537.9047102928162
1784754480.9553757,34,1404.06,16376.0,19.97,9,210,538.154857635498
1784754481.2055433,34,1404.06,16376.0,19.92,9,210,538.4050252437592
1784754481.4557,34,1404.06,16376.0,19.92,9,210,538.6551818847656
1784754481.7058513,34,1404.06,16376.0,20.0,15,210,538.9053332805634
1784754481.955997,34,1404.06,16376.0,20.0,15,210,539.1554789543152
1784754482.206142,34,1404.06,16376.0,19.98,14,210,539.4056239128113
1784754482.4562702,34,1404.06,16376.0,19.98,14,210,539.6557521820068
1784754482.7064223,34,1404.06,16376.0,19.9,12,210,539.9059042930603
1784754482.9565713,34,1404.06,16376.0,19.9,12,210,540.1560533046722
1784754483.206712,34,1404.06,16376.0,20.13,19,210,540.4061939716339
1784754483.4568586,34,1404.06,16376.0,20.13,19,210,540.6563405990601
1784754483.7070062,34,1404.06,16376.0,20.26,11,210,540.9064881801605
1784754483.9571548,34,1404.06,16376.0,20.26,11,210,541.1566367149353
1784754484.2073033,34,1404.06,16376.0,20.24,18,210,541.4067852497101
1784754484.4574833,34,1404.06,16376.0,20.24,18,210,541.6569652557373
1784754484.707638,34,1404.06,16376.0,20.15,11,210,541.9071199893951
1784754484.957781,34,1404.06,16376.0,20.15,11,210,542.1572630405426
1784754485.207927,34,1404.06,16376.0,20.03,14,210,542.407408952713
1784754485.4580848,34,1404.06,16376.0,20.03,14,210,542.6575667858124
1784754485.7082427,34,1404.06,16376.0,19.84,7,210,542.9077246189117
1784754485.9583936,34,1404.06,16376.0,19.84,7,210,543.1578755378723
1784754486.208543,34,1404.06,16376.0,19.82,15,210,543.4080250263214
1784754486.4586985,34,1404.06,16376.0,19.82,15,210,543.658180475235
1784754486.7088683,34,1404.06,16376.0,19.79,7,210,543.9083502292633
1784754486.9590182,34,1404.06,16376.0,19.79,7,210,544.1585001945496
1784754487.2091696,34,1404.06,16376.0,19.85,15,210,544.4086515903473
1784754487.459305,34,1404.06,16376.0,19.85,15,210,544.6587870121002
1784754487.709456,34,1404.06,16376.0,19.79,11,210,544.9089379310608
1784754487.9596026,34,1404.06,16376.0,19.79,11,210,545.1590845584869
1784754488.20975,34,1404.06,16376.0,19.96,15,210,545.4092319011688
1784754488.4599037,34,1404.06,16376.0,19.96,15,210,545.6593856811523
1784754488.710055,34,1404.06,16376.0,19.92,8,210,545.9095370769501
1784754488.9602094,34,1404.06,16376.0,19.92,8,210,546.1596913337708
1784754489.2103596,34,1404.06,16376.0,19.93,17,210,546.4098415374756
1784754489.4605117,34,1404.06,16376.0,19.93,17,210,546.659993648529
1784754489.7106664,34,1404.06,16376.0,20.0,7,210,546.9101483821869
1784754489.960824,34,1404.06,16376.0,20.0,7,210,547.1603059768677
1784754490.2109745,34,1404.06,16376.0,19.86,19,210,547.4104564189911
1784754490.4611495,34,1404.06,16376.0,19.86,19,210,547.6606314182281
1784754490.7113414,34,1404.06,16376.0,19.83,11,210,547.9108233451843
1784754490.9615023,34,1404.06,16376.0,19.83,11,210,548.1609842777252
1784754491.211643,34,1404.06,16376.0,20.02,14,210,548.4111249446869
1784754491.461806,34,1404.06,16376.0,20.02,14,210,548.661288022995
1784754491.7119613,34,1404.06,16376.0,19.95,7,210,548.91144323349
1784754491.962136,34,1404.06,16376.0,19.95,7,210,549.1616179943085
1784754492.21232,34,1404.06,16376.0,19.88,19,210,549.4118020534515
1784754492.462487,34,1404.06,16376.0,19.88,19,210,549.6619689464569
1784754492.7126486,34,1404.06,16376.0,19.78,10,210,549.9121305942535
1784754492.9628325,34,1404.06,16376.0,19.78,10,210,550.162314414978
1784754493.2130077,34,1404.06,16376.0,19.89,18,210,550.4124896526337
1784754493.4631605,34,1404.06,16376.0,19.89,18,210,550.6626424789429
1784754493.7133372,34,1404.06,16376.0,19.91,11,210,550.91281914711
1784754493.9635222,34,1404.06,16376.0,19.91,11,210,551.1630041599274
1784754494.2136972,34,1404.06,16376.0,19.89,12,210,551.4131791591644
1784754494.4638743,34,1404.06,16376.0,19.89,12,210,551.6633563041687
1784754494.7140446,34,1404.06,16376.0,19.75,13,210,551.9135265350342
1784754494.9642067,34,1404.06,16376.0,19.75,13,210,552.163688659668
1784754495.2143562,34,1404.06,16376.0,19.74,10,210,552.4138381481171
1784754495.4645061,34,1404.06,16376.0,19.74,10,210,552.6639881134033
1784754495.7146776,34,1404.06,16376.0,19.93,17,210,552.9141595363617
1784754495.964856,34,1404.06,16376.0,19.93,17,210,553.1643378734589
1784754496.2150106,34,1404.06,16376.0,20.0,8,210,553.4144926071167
1784754496.4651654,34,1404.06,16376.0,20.0,8,210,553.6646473407745
1784754496.7153275,34,1404.06,16376.0,20.0,14,210,553.9148094654083
1784754496.9654932,34,1404.06,16376.0,20.0,14,210,554.1649751663208
1784754497.2156463,34,1404.06,16376.0,19.89,9,210,554.4151282310486
1784754497.4657981,34,1404.06,16376.0,19.89,9,210,554.6652801036835
1784754497.715945,34,1404.06,16376.0,19.95,15,210,554.9154269695282
1784754497.9661014,34,1404.06,16376.0,19.95,15,210,555.1655833721161
1784754498.2162685,34,1404.06,16376.0,19.99,10,210,555.41575050354
1784754498.46643,34,1404.06,16376.0,19.99,10,210,555.6659119129181
1784754498.7165802,34,1404.06,16376.0,20.06,16,210,555.9160621166229
1784754498.9668026,34,1404.06,16376.0,20.06,16,210,556.1662845611572
1784754499.2169933,34,1404.06,16376.0,19.95,6,210,556.4164752960205
1784754499.4671488,34,1404.06,16376.0,19.95,6,210,556.6666307449341
1784754499.7172937,34,1404.06,16376.0,19.81,15,210,556.9167757034302
1784754499.9674392,34,1404.06,16376.0,19.81,15,210,557.1669211387634
1784754500.217615,34,1404.06,16376.0,19.75,9,210,557.4170968532562
1784754500.4677978,34,1404.06,16376.0,19.75,9,210,557.6672797203064
1784754500.7179415,34,1404.06,16376.0,19.88,14,210,557.9174234867096
1784754500.9681,34,1404.06,16376.0,19.88,14,210,558.1675820350647
1784754501.2182808,34,1404.06,16376.0,20.02,9,210,558.4177627563477
1784754501.4684465,34,1404.06,16376.0,20.02,9,210,558.6679284572601
1784754501.718611,34,1404.06,16376.0,20.11,8,210,558.9180929660797
1784754501.9687753,34,1404.06,16376.0,20.11,8,210,559.1682572364807
1784754502.2189233,34,1404.06,16376.0,20.1,17,210,559.4184052944183
1784754502.4690785,34,1404.06,16376.0,20.1,17,210,559.6685605049133
1784754502.7192564,34,1404.06,16376.0,20.18,7,210,559.9187383651733
1784754502.9694433,34,1404.06,16376.0,20.18,7,210,560.1689252853394
1784754503.219606,34,1404.06,16376.0,20.21,17,210,560.4190878868103
1784754503.4697766,34,1404.06,16376.0,20.21,17,210,560.6692585945129
1784754503.719966,34,1404.06,16376.0,20.29,9,210,560.9194478988647
1784754503.9701395,34,1404.06,16376.0,20.29,9,210,561.1696214675903
1784754504.2203138,34,1404.06,16376.0,20.34,18,210,561.4197957515717
1784754504.4704835,34,1404.06,16376.0,20.34,18,210,561.6699655056
1784754504.7206542,34,1404.06,16376.0,20.21,8,210,561.9201362133026
1784754504.9708095,34,1404.06,16376.0,20.21,8,210,562.1702914237976
1784754505.22096,34,1404.06,16376.0,20.1,14,210,562.420441865921
1784754505.4711154,34,1404.06,16376.0,20.1,14,210,562.6705973148346
1784754505.7212892,34,1404.06,16376.0,19.96,11,210,562.9207711219788
1784754505.971446,34,1404.06,16376.0,19.96,11,210,563.1709280014038
1784754506.2215898,34,1404.06,16376.0,20.08,14,210,563.421071767807
1784754506.4717593,34,1404.06,16376.0,20.08,14,210,563.6712412834167
1784754506.721932,34,1404.06,16376.0,20.17,10,210,563.921413898468
1784754506.9720829,34,1404.06,16376.0,20.17,10,210,564.1715648174286
1784754507.2222197,34,1404.06,16376.0,20.02,13,210,564.421701669693
1784754507.4723833,34,1404.06,16376.0,20.02,13,210,564.6718652248383
1784754507.7225406,34,1404.06,16376.0,19.9,8,210,564.9220225811005
1784754507.972716,34,1404.06,16376.0,19.9,8,210,565.1721980571747
1784754508.2228854,34,1404.06,16376.0,19.77,15,210,565.4223673343658
1784754508.4730637,34,1404.06,16376.0,19.77,15,210,565.672545671463
1784754508.7232215,34,1404.06,16376.0,19.73,15,210,565.9227035045624
1784754508.9733846,34,1404.06,16376.0,19.73,15,210,566.1728665828705
1784754509.2235346,34,1404.06,16376.0,19.83,10,210,566.4230165481567
1784754509.473691,34,1404.06,16376.0,19.83,10,210,566.6731729507446
1784754509.7238197,34,1404.06,16376.0,19.8,14,210,566.9233016967773
1784754509.9739797,34,1404.06,16376.0,19.8,14,210,567.1734616756439
1784754510.2241302,34,1404.06,16376.0,19.68,11,210,567.4236121177673
1784754510.474287,34,1404.06,16376.0,19.68,11,210,567.6737689971924
1784754510.7244325,34,1404.06,16376.0,19.81,15,210,567.9239144325256
1784754510.974586,34,1404.06,16376.0,19.81,15,210,568.1740679740906
1784754511.224738,34,1404.06,16376.0,20.05,11,210,568.4242198467255
1784754511.4748893,34,1404.06,16376.0,20.05,11,210,568.6743712425232
1784754511.7250493,34,1404.06,16376.0,19.98,13,210,568.9245312213898
1784754511.9752102,34,1404.06,16376.0,19.98,13,210,569.1746921539307
1784754512.2253764,34,1404.06,16376.0,19.81,9,210,569.4248583316803
1784754512.4755392,34,1404.06,16376.0,19.81,9,210,569.6750211715698
1784754512.7256804,34,1404.06,16376.0,19.86,14,210,569.9251623153687
1784754512.9758325,34,1404.06,16376.0,19.86,14,210,570.1753144264221
1784754513.2259867,34,1404.06,16376.0,19.95,8,210,570.4254686832428
1784754513.4761202,34,1404.06,16376.0,19.95,8,210,570.6756021976471
1784754513.7262695,34,1404.06,16376.0,20.0,17,210,570.9257514476776
1784754513.9764225,34,1404.06,16376.0,20.0,17,210,571.1759045124054
1784754514.2265956,34,1404.06,16376.0,20.0,11,210,571.4260776042938
1784754514.4767556,34,1404.06,16376.0,20.0,11,210,571.6762375831604
1784754514.7269073,34,1404.06,16376.0,19.96,13,210,571.9263892173767
1784754514.9770737,34,1404.06,16376.0,19.96,13,210,572.1765556335449
1784754515.2272236,34,1404.06,16376.0,19.96,7,210,572.4267055988312
1784754515.4773548,34,1404.06,16376.0,19.96,7,210,572.6768367290497
1784754515.727512,34,1404.06,16376.0,19.88,15,210,572.9269938468933
1784754515.9776936,34,1404.06,16376.0,19.88,15,210,573.1771755218506
1784754516.2278411,34,1404.06,16376.0,19.72,7,210,573.427323102951
1784754516.477968,34,1404.06,16376.0,19.72,7,210,573.6774499416351
1784754516.7281175,34,1404.06,16376.0,19.76,13,210,573.9275994300842
1784754516.9782743,34,1404.06,16376.0,19.76,13,210,574.1777563095093
1784754517.2284303,34,1404.06,16376.0,19.8,8,210,574.42791223526
1784754517.478587,34,1404.06,16376.0,19.8,8,210,574.6780688762665
1784754517.728725,34,1404.06,16376.0,19.72,7,210,574.9282069206238
1784754517.9788759,34,1404.06,16376.0,19.72,7,210,575.1783578395844
1784754518.229026,34,1404.06,16376.0,19.69,18,210,575.4285080432892
1784754518.4791849,34,1404.06,16376.0,19.69,18,210,575.6786668300629
1784754518.7293043,34,1404.06,16376.0,19.65,7,210,575.928786277771
1784754518.9794564,34,1404.06,16376.0,19.65,7,210,576.1789383888245
1784754519.229625,34,1404.06,16376.0,19.56,17,210,576.4291069507599
1784754519.4798098,34,1404.06,16376.0,19.56,17,210,576.6792917251587
1784754519.7299747,34,1404.06,16376.0,19.61,7,210,576.9294567108154
1784754519.9801152,34,1404.06,16376.0,19.61,7,210,577.1795971393585
1784754520.2302654,34,1404.06,16376.0,19.76,16,210,577.4297473430634
1784754520.4804223,34,1404.06,16376.0,19.76,16,210,577.6799042224884
1784754520.7305763,34,1404.06,16376.0,19.73,7,210,577.9300582408905
1784754520.9807498,34,1404.06,16376.0,19.73,7,210,578.1802318096161
1784754521.230905,34,1404.06,16376.0,19.87,18,210,578.4303870201111
1784754521.4810872,34,1404.06,16376.0,19.87,18,210,578.6805691719055
1784754521.731266,34,1404.06,16376.0,19.98,12,210,578.9307479858398
1784754521.981423,34,1404.06,16376.0,19.98,12,210,579.1809048652649
1784754522.2315702,34,1404.06,16376.0,20.07,14,210,579.4310522079468
1784754522.4817295,34,1404.06,16376.0,20.07,14,210,579.6812114715576
1784754522.7318804,34,1404.06,16376.0,19.96,9,210,579.9313623905182
1784754522.9820511,34,1404.06,16376.0,19.96,9,210,580.1815330982208
1784754523.232205,34,1404.06,16376.0,19.88,15,210,580.4316868782043
1784754523.4824045,34,1404.06,16376.0,19.88,15,210,580.681886434555
1784754523.7325673,34,1404.06,16376.0,19.78,7,210,580.9320492744446
1784754523.9827344,34,1404.06,16376.0,19.78,7,210,581.1822164058685
1784754524.2329051,34,1404.06,16376.0,19.93,18,210,581.4323871135712
1784754524.4830828,34,1404.06,16376.0,19.93,18,210,581.6825647354126
1784754524.7332606,34,1404.06,16376.0,20.02,11,210,581.9327425956726
1784754524.983426,34,1404.06,16376.0,20.02,11,210,582.1829080581665
1784754525.2335732,34,1404.06,16376.0,20.05,17,210,582.4330551624298
1784754525.4837298,34,1404.06,16376.0,20.05,17,210,582.6832118034363
1784754525.7339118,34,1404.06,16376.0,19.91,8,210,582.9333937168121
1784754525.9840677,34,1404.06,16376.0,19.91,8,210,583.1835496425629
1784754526.2342124,34,1404.06,16376.0,19.84,16,210,583.4336943626404
1784754526.4843705,34,1404.06,16376.0,19.84,16,210,583.6838524341583
1784754526.734544,34,1404.06,16376.0,19.88,8,210,583.9340260028839
1784754526.9846873,34,1404.06,16376.0,19.88,8,210,584.18416929245
1784754527.2348356,34,1404.06,16376.0,19.88,12,210,584.4343175888062
1784754527.4849849,34,1404.06,16376.0,19.88,12,210,584.6844668388367
1784754527.735144,34,1404.06,16376.0,19.71,8,210,584.9346258640289
1784754527.9852943,34,1404.06,16376.0,19.71,8,210,585.1847763061523
1784754528.2354639,34,1404.06,16376.0,19.69,9,210,585.4349458217621
1784754528.485639,34,1404.06,16376.0,19.69,9,210,585.6851210594177
1784754528.735793,34,1404.06,16376.0,19.87,16,210,585.9352750778198
1784754528.985956,34,1404.06,16376.0,19.87,16,210,586.1854379177094
1784754529.236104,34,1404.06,16376.0,19.95,11,210,586.435585975647
1784754529.4862645,34,1404.06,16376.0,19.95,11,210,586.6857464313507
1784754529.7364447,34,1404.06,16376.0,20.03,17,210,586.9359266757965
1784754529.9866123,34,1404.06,16376.0,20.03,17,210,587.1860942840576
1784754530.23676,34,1404.06,16376.0,20.11,8,210,587.4362418651581
1784754530.486903,34,1404.06,16376.0,20.11,8,210,587.6863849163055
1784754530.7370806,34,1404.06,16376.0,20.14,18,210,587.936562538147
1784754530.9872456,34,1404.06,16376.0,20.14,18,210,588.1867275238037
1784754531.2374077,34,1404.06,16376.0,20.2,12,210,588.4368896484375
1784754531.4875524,34,1404.06,16376.0,20.2,12,210,588.687034368515
1784754531.7377226,34,1404.06,16376.0,20.19,17,210,588.9372045993805
1784754531.9879048,34,1404.06,16376.0,20.19,17,210,589.1873867511749
1784754532.238072,34,1404.06,16376.0,19.96,11,210,589.4375538825989
1784754532.4882495,34,1404.06,16376.0,19.96,11,210,589.6877315044403
1784754532.7384136,34,1404.06,16376.0,19.84,13,210,589.9378955364227
1784754532.9885695,34,1404.06,16376.0,19.84,13,210,590.1880514621735
1784754533.2387402,34,1404.06,16376.0,19.94,8,210,590.4382221698761
1784754533.48892,34,1404.06,16376.0,19.94,8,210,590.6884019374847
1784754533.7390783,34,1404.06,16376.0,19.95,15,210,590.9385602474213
1784754533.989241,34,1404.06,16376.0,19.95,15,210,591.1887228488922
1784754534.239386,34,1404.06,16376.0,19.85,7,210,591.4388680458069
1784754534.48952,34,1404.06,16376.0,19.85,7,210,591.6890020370483
1784754534.7396643,34,1404.06,16376.0,19.77,14,210,591.9391462802887
1784754534.9898317,34,1404.06,16376.0,19.77,14,210,592.1893136501312
1784754535.2399843,34,1404.06,16376.0,19.74,9,210,592.4394662380219
1784754535.4901423,34,1404.06,16376.0,19.74,9,210,592.6896243095398
1784754535.7403295,34,1404.06,16376.0,19.8,12,210,592.9398114681244
1784754535.9905071,34,1404.06,16376.0,19.8,12,210,593.1899890899658
1784754536.2406595,34,1404.06,16376.0,19.81,9,210,593.4401414394379
1784754536.4908366,34,1404.06,16376.0,19.81,9,210,593.6903185844421
1784754536.7410073,34,1404.06,16376.0,19.98,14,210,593.9404892921448
1784754536.9911647,34,1404.06,16376.0,19.98,14,210,594.190646648407
1784754537.2413263,34,1404.06,16376.0,20.09,7,210,594.4408082962036
1784754537.491478,34,1404.06,16376.0,20.09,7,210,594.6909599304199
1784754537.741648,34,1404.06,16376.0,19.93,16,210,594.9411299228668
1784754537.9918096,34,1404.06,16376.0,19.93,16,210,595.1912915706635
1784754538.2419884,34,1404.06,16376.0,19.72,9,210,595.4414703845978
1784754538.4921741,34,1404.06,16376.0,19.72,9,210,595.6916561126709
1784754538.7423007,34,1404.06,16376.0,19.8,15,210,595.9417827129364
1784754538.9924574,34,1404.06,16376.0,19.8,15,210,596.1919393539429
1784754539.2426312,34,1404.06,16376.0,19.75,8,210,596.442113161087
1784754539.4927921,34,1404.06,16376.0,19.75,8,210,596.6922740936279
1784754539.7429671,34,1404.06,16376.0,19.72,16,210,596.942449092865
1784754539.9931285,34,1404.06,16376.0,19.72,16,210,597.192610502243
1784754540.2433128,34,1404.06,16376.0,19.72,16,210,597.4427947998047
1784754540.4934955,34,1404.06,16376.0,19.72,16,210,597.6929774284363
1784754540.743673,34,1404.06,16376.0,19.95,10,210,597.9431550502777
1784754540.993836,34,1404.06,16376.0,19.95,10,210,598.1933178901672
1784754541.2440152,34,1404.06,16376.0,20.03,14,210,598.4434971809387
1784754541.4941876,34,1404.06,16376.0,20.03,14,210,598.6936695575714
1784754541.7443585,34,1404.06,16376.0,20.04,12,210,598.9438405036926
1784754541.994533,34,1404.06,16376.0,20.04,12,210,599.1940150260925
1784754542.2447033,34,1404.06,16376.0,19.89,14,210,599.444185256958
1784754542.4948645,34,1404.06,16376.0,19.89,14,210,599.6943464279175
1784754542.7450104,34,1404.06,16376.0,19.85,8,210,599.9444923400879
1784754542.995173,34,1404.06,16376.0,19.85,8,210,600.1946549415588
1784754543.2453122,34,1404.06,16376.0,19.77,14,210,600.444794178009
1784754543.4954681,34,1404.06,16376.0,19.77,14,210,600.6949501037598
1784754543.7456114,34,1404.06,16376.0,19.69,7,210,600.9450933933258
1784754543.9957697,34,1404.06,16376.0,19.69,7,210,601.1952517032623
1784754544.2459342,34,1404.06,16376.0,19.76,14,210,601.4454162120819
1784754544.49611,34,1404.06,16376.0,19.76,14,210,601.6955919265747
1784754544.7462933,34,1404.06,16376.0,19.87,10,210,601.945775270462
1784754544.9964592,34,1404.06,16376.0,19.87,10,210,602.1959412097931
1784754545.2466173,34,1404.06,16376.0,19.94,18,210,602.446099281311
1784754545.4967647,34,1404.06,16376.0,19.94,18,210,602.6962466239929
1784754545.7469358,34,1404.06,16376.0,19.96,9,210,602.9464178085327
1784754545.9971037,34,1404.06,16376.0,19.96,9,210,603.1965856552124
1784754546.2472556,34,1404.06,16376.0,19.99,16,210,603.4467375278473
1784754546.4974077,34,1404.06,16376.0,19.99,16,210,603.6968896389008
1784754546.7475626,34,1404.06,16376.0,19.88,11,210,603.9470446109772
1784754546.9977114,34,1404.06,16376.0,19.88,11,210,604.1971933841705
1784754547.247859,34,1404.06,16376.0,20.03,14,210,604.447340965271
1784754547.4980116,34,1404.06,16376.0,20.03,14,210,604.6974935531616
1784754547.748164,34,1404.06,16376.0,20.11,10,210,604.9476459026337
1784754547.9983304,34,1404.06,16376.0,20.11,10,210,605.1978123188019
1784754548.248492,34,1404.06,16376.0,20.1,15,210,605.4479739665985
1784754548.4986494,34,1404.06,16376.0,20.1,15,210,605.6981313228607
1784754548.748801,34,1404.06,16376.0,20.0,9,210,605.948282957077
1784754548.9989452,34,1404.06,16376.0,20.0,9,210,606.1984272003174
1784754549.2490945,34,1404.06,16376.0,20.01,19,210,606.4485764503479
1784754549.4992552,34,1404.06,16376.0,20.01,19,210,606.6987371444702
1784754549.7494097,34,1404.06,16376.0,19.98,8,210,606.9488916397095
1784754549.9995565,34,1404.06,16376.0,19.98,8,210,607.1990385055542
1784754550.2497013,34,1404.06,16376.0,19.89,16,210,607.4491832256317
1784754550.4998596,34,1404.06,16376.0,19.89,16,210,607.6993415355682
1784754550.7500148,34,1404.06,16376.0,19.87,11,210,607.9494967460632
1784754551.000197,34,1404.06,16376.0,19.87,11,210,608.1996788978577
1784754551.2503734,34,1404.06,16376.0,19.87,14,210,608.4498553276062
1784754551.5005326,34,1404.06,16376.0,19.87,14,210,608.700014591217
1784754551.7507093,34,1404.06,16376.0,19.73,7,210,608.9501912593842
1784754552.0008826,34,1404.06,16376.0,19.73,7,210,609.2003645896912
1784754552.2510371,34,1404.06,16376.0,19.64,16,210,609.4505190849304
1784754552.501216,34,1404.06,16376.0,19.64,16,210,609.7006978988647
1784754552.7513776,34,1404.06,16376.0,19.54,9,210,609.9508595466614
1784754553.0015194,34,1404.06,16376.0,19.54,9,210,610.2010014057159
1784754553.2516668,34,1404.06,16376.0,19.72,11,210,610.4511487483978
1784754553.501818,34,1404.06,16376.0,19.72,11,210,610.701299905777
1784754553.7519972,34,1404.06,16376.0,19.75,11,210,610.9514791965485
1784754554.0021532,34,1404.06,16376.0,19.75,11,210,611.2016351222992
1784754554.2523,34,1404.06,16376.0,19.63,8,210,611.4517819881439
1784754554.502471,34,1404.06,16376.0,19.63,8,210,611.7019529342651
1784754554.752655,34,1404.06,16376.0,19.49,13,210,611.9521369934082
1784754555.0028071,34,1404.06,16376.0,19.49,13,210,612.2022891044617
1784754555.2529898,34,1404.06,16376.0,19.55,9,210,612.4524717330933
1784754555.5031822,34,1404.06,16376.0,19.55,9,210,612.7026641368866
1784754555.7533376,34,1404.06,16376.0,19.77,16,210,612.9528195858002
1784754556.0035167,34,1404.06,16376.0,19.77,16,210,613.2029986381531
1784754556.253691,34,1404.06,16376.0,19.77,7,210,613.4531729221344
1784754556.5038693,34,1404.06,16376.0,19.77,7,210,613.7033512592316
1784754556.7540603,34,1404.06,16376.0,19.76,15,210,613.9535422325134
1784754557.0042496,34,1404.06,16376.0,19.76,15,210,614.2037315368652
1784754557.2544284,34,1404.06,16376.0,19.67,9,210,614.4539103507996
1784754557.5046036,34,1404.06,16376.0,19.67,9,210,614.7040855884552
1784754557.7547653,34,1404.06,16376.0,19.77,12,210,614.9542472362518
1784754558.0049255,34,1404.06,16376.0,19.77,12,210,615.204407453537
1784754558.2550826,34,1404.06,16376.0,19.77,7,210,615.4545645713806
1784754558.5052319,34,1404.06,16376.0,19.77,7,210,615.7047138214111
1784754558.7553852,34,1404.06,16376.0,19.79,15,210,615.9548671245575
1784754559.0055645,34,1404.06,16376.0,19.79,15,210,616.205046415329
1784754559.2557383,34,1404.06,16376.0,19.91,11,210,616.4552202224731
1784754559.5058866,34,1404.06,16376.0,19.91,11,210,616.7053685188293
1784754559.756035,34,1404.06,16376.0,20.06,18,210,616.9555170536041
1784754560.006214,34,1404.06,16376.0,20.06,18,210,617.2056958675385
1784754560.2563667,34,1404.06,16376.0,19.94,8,210,617.4558486938477
1784754560.5065093,34,1404.06,16376.0,19.94,8,210,617.705991268158
1784754560.7566748,34,1404.06,16376.0,19.84,15,210,617.9561567306519
1784754561.0068283,34,1404.06,16376.0,19.84,15,210,618.2063102722168
1784754561.2569818,34,1404.06,16376.0,19.73,9,210,618.4564638137817
1784754561.507151,34,1404.06,16376.0,19.73,9,210,618.7066328525543
1784754561.7573185,34,1404.06,16376.0,19.7,14,210,618.9568004608154
1784754562.0074673,34,1404.06,16376.0,19.7,14,210,619.2069492340088
1784754562.2576368,34,1404.06,16376.0,19.71,8,210,619.4571187496185
1784754562.507806,34,1404.06,16376.0,19.71,8,210,619.7072880268097
1784754562.7579813,34,1404.06,16376.0,19.72,14,210,619.9574632644653
1784754563.008145,34,1404.06,16376.0,19.72,14,210,620.2076270580292
1784754563.2583,34,1404.06,16376.0,19.61,12,210,620.4577820301056
1784754563.5084443,34,1404.06,16376.0,19.61,12,210,620.707926273346
1784754563.758621,34,1404.06,16376.0,19.8,14,210,620.9581029415131
1784754564.008789,34,1404.06,16376.0,19.8,14,210,621.2082710266113
1784754564.2589562,34,1404.06,16376.0,19.89,6,210,621.4584381580353
1784754564.509104,34,1404.06,16376.0,19.89,6,210,621.7085859775543
1784754564.7592585,34,1404.06,16376.0,19.88,15,210,621.9587404727936
1784754565.0094204,34,1404.06,16376.0,19.88,15,210,622.2089023590088
1784754565.2595923,34,1404.06,16376.0,19.98,13,210,622.4590742588043
1784754565.5097632,34,1404.06,16376.0,19.98,13,210,622.7092452049255
1784754565.7599065,34,1404.06,16376.0,20.02,11,210,622.9593884944916
1784754566.0100605,34,1404.06,16376.0,20.02,11,210,623.2095425128937
1784754566.2602112,34,1404.06,16376.0,19.82,14,210,623.4596931934357
1784754566.5103602,34,1404.06,16376.0,19.82,14,210,623.7098422050476
1784754566.7605295,34,1404.06,16376.0,19.7,7,210,623.9600114822388
1784754567.0106876,34,1404.06,16376.0,19.7,7,210,624.2101695537567
1784754567.2608616,34,1404.06,16376.0,19.9,17,210,624.4603435993195
1784754567.5110166,34,1404.06,16376.0,19.9,17,210,624.7104985713959
1784754567.761166,34,1404.06,16376.0,20.01,11,210,624.960648059845
1784754568.0113122,34,1404.06,16376.0,20.01,11,210,625.210794210434
1784754568.2614717,34,1404.06,16376.0,19.96,16,210,625.4609537124634
1784754568.5116286,34,1404.06,16376.0,19.96,16,210,625.7111105918884
1784754568.7618043,34,1404.06,16376.0,19.86,8,210,625.9612863063812
1784754569.011969,34,1404.06,16376.0,19.86,8,210,626.2114510536194
1784754569.2621276,34,1404.06,16376.0,19.95,16,210,626.4616096019745
1784754569.5122964,34,1404.06,16376.0,19.95,16,210,626.7117784023285
1784754569.7624846,34,1404.06,16376.0,19.93,11,210,626.9619665145874
1784754570.0126674,34,1404.06,16376.0,19.93,11,210,627.2121493816376
1784754570.2628248,34,1404.06,16376.0,19.93,15,210,627.4623067378998
1784754570.512979,34,1404.06,16376.0,19.93,15,210,627.7124609947205
1784754570.7631302,34,1404.06,16376.0,19.81,11,210,627.9626121520996
1784754571.0132833,34,1404.06,16376.0,19.81,11,210,628.2127652168274
1784754571.263437,34,1404.06,16376.0,19.9,15,210,628.4629189968109
1784754571.5136192,34,1404.06,16376.0,19.9,15,210,628.7131011486053
1784754571.7638001,34,1404.06,16376.0,19.74,7,210,628.9632821083069
1784754572.013953,34,1404.06,16376.0,19.74,7,210,629.2134349346161
1784754572.264122,34,1404.06,16376.0,19.64,15,210,629.4636039733887
1784754572.5142841,34,1404.06,16376.0,19.64,15,210,629.7137660980225
1784754572.7644322,34,1404.06,16376.0,19.66,6,210,629.9639141559601
1784754573.014583,34,1404.06,16376.0,19.66,6,210,630.2140650749207
1784754573.2647514,34,1404.06,16376.0,19.78,15,210,630.4642333984375
1784754573.5149264,34,1404.06,16376.0,19.78,15,210,630.7144083976746
1784754573.765079,34,1404.06,16376.0,19.63,9,210,630.9645609855652
1784754574.015249,34,1404.06,16376.0,19.63,9,210,631.2147309780121
1784754574.2654219,34,1404.06,16376.0,19.73,14,210,631.4649038314819
1784754574.5155838,34,1404.06,16376.0,19.73,14,210,631.7150657176971
1784754574.7657392,34,1404.06,16376.0,19.69,9,210,631.9652211666107
1784754575.0159204,34,1404.06,16376.0,19.69,9,210,632.2154023647308
1784754575.2660775,34,1404.06,16376.0,19.82,12,210,632.4655594825745
1784754575.5162337,34,1404.06,16376.0,19.82,12,210,632.7157156467438
1784754575.766394,34,1404.06,16376.0,19.84,9,210,632.9658758640289
1784754576.0165653,34,1404.06,16376.0,19.84,9,210,633.2160472869873
1784754576.26672,34,1404.06,16376.0,19.59,9,210,633.4662020206451
1784754576.516899,34,1404.06,16376.0,19.59,9,210,633.716381072998
1784754576.7670822,34,1404.06,16376.0,19.51,12,210,633.9665641784668
1784754577.0172632,34,1404.06,16376.0,19.51,12,210,634.2167451381683
1784754577.267432,34,1404.06,16376.0,19.71,7,210,634.4669139385223
1784754577.5176115,34,1404.06,16376.0,19.71,7,210,634.7170934677124
1784754577.7678034,34,1404.06,16376.0,19.75,13,210,634.9672853946686
1784754578.0179815,34,1404.06,16376.0,19.75,13,210,635.2174634933472
1784754578.2681243,34,1404.06,16376.0,19.68,6,210,635.467606306076
1784754578.5183046,34,1404.06,16376.0,19.68,6,210,635.7177865505219
1784754578.768488,34,1404.06,16376.0,19.82,15,210,635.9679698944092
1784754579.0186374,34,1404.06,16376.0,19.82,15,210,636.2181193828583
1784754579.268783,34,1404.06,16376.0,19.76,8,210,636.4682650566101
1784754579.5189297,34,1404.06,16376.0,19.76,8,210,636.7184116840363
1784754579.7691078,34,1404.06,16376.0,19.81,16,210,636.9685897827148
1784754580.0192735,34,1404.06,16376.0,19.81,16,210,637.2187554836273
1784754580.2694259,34,1404.06,16376.0,19.64,7,210,637.4689078330994
1784754580.5196002,34,1404.06,16376.0,19.64,7,210,637.7190821170807
1784754580.7697628,34,1404.06,16376.0,19.63,14,210,637.9692447185516
1784754581.0199203,34,1404.06,16376.0,19.63,14,210,638.2194023132324
1784754581.2700708,34,1404.06,16376.0,19.55,7,210,638.4695527553558
1784754581.5202446,34,1404.06,16376.0,19.55,7,210,638.7197265625
1784754581.770407,34,1404.06,16376.0,19.72,14,210,638.9698889255524
1784754582.0205624,34,1404.06,16376.0,19.72,14,210,639.2200443744659
1784754582.2707105,34,1404.06,16376.0,19.77,11,210,639.4701924324036
1784754582.5208611,34,1404.06,16376.0,19.77,11,210,639.7203431129456
1784754582.7710178,34,1404.06,16376.0,19.75,8,210,639.970499753952
1784754583.0211775,34,1404.06,16376.0,19.75,8,210,640.2206594944
1784754583.2713048,34,1404.06,16376.0,19.71,14,210,640.4707868099213
1784754583.5214906,34,1404.06,16376.0,19.71,14,210,640.7209725379944
1784754583.7716491,34,1404.06,16376.0,19.65,6,210,640.9711310863495
1784754584.0217981,34,1404.06,16376.0,19.65,6,210,641.2212800979614
1784754584.2719495,34,1404.06,16376.0,19.76,16,210,641.4714314937592
1784754584.5220885,34,1404.06,16376.0,19.76,16,210,641.7215704917908
1784754584.772234,34,1404.06,16376.0,19.8,8,210,641.971715927124
1784754585.0223868,34,1404.06,16376.0,19.8,8,210,642.2218687534332
1784754585.2725322,34,1404.06,16376.0,19.86,15,210,642.4720141887665
1784754585.522678,34,1404.06,16376.0,19.86,15,210,642.7221598625183
1784754585.7728205,34,1404.06,16376.0,19.8,7,210,642.9723024368286
1784754586.022969,34,1404.06,16376.0,19.8,7,210,643.2224509716034
1784754586.2731216,34,1404.06,16376.0,19.91,16,210,643.472603559494
1784754586.5232687,34,1404.06,16376.0,19.91,16,210,643.7227506637573
1784754586.7734127,34,1404.06,16376.0,19.98,11,210,643.9728946685791
1784754587.0235617,34,1404.06,16376.0,19.98,11,210,644.223043680191
1784754587.2737122,34,1404.06,16376.0,20.02,15,210,644.4731941223145
1784754587.523856,34,1404.06,16376.0,20.02,15,210,644.7233378887177
1784754587.773998,34,1404.06,16376.0,19.88,11,210,644.9734799861908
1784754588.0241513,34,1404.06,16376.0,19.88,11,210,645.2236332893372
1784754588.274305,34,1404.06,16376.0,19.78,16,210,645.4737870693207
1784754588.5244684,34,1404.06,16376.0,19.78,16,210,645.7239503860474
1784754588.7746263,34,1404.06,16376.0,19.77,6,210,645.9741082191467
1784754589.0247793,34,1404.06,16376.0,19.77,6,210,646.2242612838745
1784754589.2749114,34,1404.06,16376.0,19.8,12,210,646.4743933677673
1784754589.525064,34,1404.06,16376.0,19.8,12,210,646.724545955658
1784754589.7752054,34,1404.06,16376.0,19.71,6,210,646.9746873378754
1784754590.0253086,34,1404.06,16376.0,19.71,6,210,647.2247905731201
1784754590.2754626,34,1404.06,16376.0,19.7,16,210,647.4749445915222
1784754590.525617,34,1404.06,16376.0,19.7,16,210,647.7250988483429
1784754590.7757673,34,1404.06,16376.0,19.62,7,210,647.9752492904663
1784754591.0259213,34,1404.06,16376.0,19.62,7,210,648.2254033088684
1784754591.2760735,34,1404.06,16376.0,19.61,14,210,648.4755554199219
1784754591.5262175,34,1404.06,16376.0,19.61,14,210,648.7256994247437
1784754591.7763727,34,1404.06,16376.0,19.64,10,210,648.9758546352386
1784754592.0265257,34,1404.06,16376.0,19.64,10,210,649.2260076999664
1784754592.2766814,34,1404.06,16376.0,19.73,15,210,649.4761633872986
1784754592.5268097,34,1404.06,16376.0,19.73,15,210,649.7262916564941
1784754592.7769861,34,1404.06,16376.0,19.66,8,210,649.9764680862427
1784754593.027146,34,1404.06,16376.0,19.66,8,210,650.2266280651093
1784754593.277337,34,1404.06,16376.0,19.62,15,210,650.4768190383911
1784754593.5275123,34,1404.06,16376.0,19.62,15,210,650.7269942760468
1784754593.7776835,34,1404.06,16376.0,19.71,9,210,650.9771654605865
1784754594.0278316,34,1404.06,16376.0,19.71,9,210,651.2273135185242
1784754594.2780166,34,1404.06,16376.0,19.81,14,210,651.4774985313416
1784754594.5281982,34,1404.06,16376.0,19.81,14,210,651.7276802062988
1784754594.7783642,34,1404.06,16376.0,19.79,8,210,651.9778461456299
1784754595.028515,34,1404.06,16376.0,19.79,8,210,652.2279970645905
1784754595.2786677,34,1404.06,16376.0,19.8,15,210,652.4781496524811
1784754595.528842,34,1404.06,16376.0,19.8,15,210,652.7283239364624
1784754595.779027,34,1404.06,16376.0,19.78,13,210,652.9785089492798
1784754596.02919,34,1404.06,16376.0,19.78,13,210,653.2286720275879
1784754596.2793128,34,1404.06,16376.0,19.78,11,210,653.4787948131561
1784754596.5294886,34,1404.06,16376.0,19.78,11,210,653.7289705276489
1784754596.779643,34,1404.06,16376.0,19.8,14,210,653.9791250228882
1784754597.0298197,34,1404.06,16376.0,19.8,14,210,654.2293016910553
1784754597.2799778,34,1404.06,16376.0,19.83,7,210,654.4794597625732
1784754597.53015,34,1404.06,16376.0,19.83,7,210,654.7296319007874
1784754597.7803211,34,1404.06,16376.0,19.9,13,210,654.9798030853271
1784754598.030467,34,1404.06,16376.0,19.9,13,210,655.2299489974976
1784754598.2806249,34,1404.06,16376.0,19.9,10,210,655.4801068305969
1784754598.5307884,34,1404.06,16376.0,19.9,10,210,655.7302703857422
1784754598.7809486,34,1404.06,16376.0,19.94,16,210,655.9804306030273
1784754599.0310915,34,1404.06,16376.0,19.94,16,210,656.2305734157562
1784754599.2812524,34,1404.06,16376.0,19.89,8,210,656.4807343482971
1784754599.5314107,34,1404.06,16376.0,19.89,8,210,656.7308926582336
1784754599.781561,34,1404.06,16376.0,19.71,14,210,656.9810428619385
1784754600.0317113,34,1404.06,16376.0,19.71,14,210,657.2311933040619
1784754600.2818573,34,1404.06,16376.0,19.64,10,210,657.4813392162323
1784754600.5320282,34,1404.06,16376.0,19.64,10,210,657.7315101623535
1784754600.7822182,34,1404.06,16376.0,19.74,15,210,657.9817001819611
1784754601.0324085,34,1404.06,16376.0,19.74,15,210,658.2318904399872
1784754601.2825594,34,1404.06,16376.0,19.78,10,210,658.4820413589478
1784754601.5327377,34,1404.06,16376.0,19.78,10,210,658.7322196960449
1784754601.7828994,34,1404.06,16376.0,19.67,13,210,658.9823813438416
1784754602.033082,34,1404.06,16376.0,19.67,13,210,659.2325639724731
1784754602.283231,34,1404.06,16376.0,19.48,7,210,659.4827129840851
1784754602.5333881,34,1404.06,16376.0,19.48,7,210,659.7328701019287
1784754602.783536,34,1404.06,16376.0,19.58,16,210,659.9830179214478
1784754603.033709,34,1404.06,16376.0,19.58,16,210,660.2331910133362
1784754603.283867,34,1404.06,16376.0,19.69,10,210,660.4833488464355
1784754603.53404,34,1404.06,16376.0,19.69,10,210,660.733521938324
1784754603.7842312,34,1404.06,16376.0,19.77,15,210,660.9837131500244
1784754604.0343993,34,1404.06,16376.0,19.77,15,210,661.2338812351227
1784754604.2845542,34,1404.06,16376.0,19.7,9,210,661.4840362071991
1784754604.5347123,34,1404.06,16376.0,19.7,9,210,661.734194278717
1784754604.7848837,34,1404.06,16376.0,19.79,14,210,661.9843657016754
1784754605.0351012,34,1404.06,16376.0,19.79,14,210,662.2345831394196
1784754605.285273,34,1404.06,16376.0,19.96,9,210,662.4847550392151
1784754605.5354352,34,1404.06,16376.0,19.96,9,210,662.7349171638489
1784754605.7855902,34,1404.06,16376.0,19.93,15,210,662.9850721359253
1784754606.0357456,34,1404.06,16376.0,19.93,15,210,663.2352275848389
1784754606.2858937,34,1404.06,16376.0,19.8,9,210,663.4853756427765
1784754606.5360255,34,1404.06,16376.0,19.8,9,210,663.7355074882507
1784754606.7861836,34,1404.06,16376.0,19.75,18,210,663.9856655597687
1784754607.0363114,34,1404.06,16376.0,19.75,18,210,664.2357933521271
1784754607.2864566,34,1404.06,16376.0,19.77,7,210,664.4859385490417
1784754607.536625,34,1404.06,16376.0,19.77,7,210,664.7361068725586
1784754607.7867877,34,1404.06,16376.0,19.83,13,210,664.9862697124481
1784754608.0369024,34,1404.06,16376.0,19.83,13,210,665.2363843917847
1784754608.2870536,34,1404.06,16376.0,19.73,10,210,665.4865355491638
1784754608.537233,34,1404.06,16376.0,19.73,10,210,665.7367150783539
1784754608.787419,34,1404.06,16376.0,19.9,14,210,665.9869010448456
1784754609.037596,34,1404.06,16376.0,19.9,14,210,666.2370779514313
1784754609.2877686,34,1404.06,16376.0,19.89,11,210,666.4872505664825
1784754609.5379608,34,1404.06,16376.0,19.89,11,210,666.7374427318573
1784754609.7881358,34,1404.06,16376.0,19.89,12,210,666.9876177310944
1784754610.0383117,34,1404.06,16376.0,19.89,12,210,667.2377936840057
1784754610.2884827,34,1404.06,16376.0,19.84,10,210,667.487964630127
1784754610.5386446,34,1404.06,16376.0,19.84,10,210,667.7381265163422
1784754610.7888165,34,1408.06,16376.0,19.85,18,210,667.9882984161377
1784754611.0390484,34,1408.06,16376.0,19.85,18,210,668.2385303974152
1784754611.289203,34,1408.06,16376.0,20.41,58,210,668.4886848926544
1784754611.5393863,34,1408.06,16376.0,20.41,58,210,668.7388682365417
1784754611.7895384,34,1407.88,16376.0,21.03,42,270,668.9890203475952
1784754612.0397196,34,1407.88,16376.0,21.03,42,270,669.2392015457153
1784754612.2898915,34,1407.88,16376.0,21.61,69,345,669.4893734455109
1784754612.54005,34,1407.88,16376.0,21.61,69,345,669.739531993866
1784754612.7902167,34,1404.75,16376.0,22.9,8,480,669.9896986484528
1784754613.0404046,34,1404.75,16376.0,22.9,8,480,670.2398865222931
1784754613.2905614,34,1404.75,16376.0,24.67,31,480,670.4900434017181
1784754613.5407307,34,1404.75,16376.0,24.67,31,480,670.7402126789093
1784754613.7909024,34,1404.75,16376.0,25.23,4,480,670.9903843402863
1784754614.0410576,34,1404.75,16376.0,25.23,4,480,671.2405395507812
1784754614.291185,34,1404.75,16376.0,24.34,15,240,671.4906668663025
1784754614.5413346,34,1404.75,16376.0,24.34,15,240,671.7408165931702
1784754614.7915125,34,1404.75,16376.0,22.02,7,210,671.9909944534302
1784754615.041676,34,1404.75,16376.0,22.02,7,210,672.2411580085754
1784754615.2918427,34,1404.75,16376.0,20.16,12,210,672.4913246631622
1784754615.5419803,34,1404.75,16376.0,20.16,12,210,672.7414622306824
1784754615.7921386,34,1402.12,16376.0,20.39,20,210,672.9916205406189
1784754616.0422966,34,1402.12,16376.0,20.39,20,210,673.2417786121368
1784754616.2924323,34,1402.12,16376.0,20.32,20,210,673.4919142723083
1784754616.5426037,34,1402.12,16376.0,20.32,20,210,673.7420856952667
1784754616.7927775,34,1402.12,16376.0,20.26,14,210,673.9922595024109
1784754617.0429463,34,1402.12,16376.0,20.26,14,210,674.2424283027649
1784754617.2931137,34,1402.12,16376.0,20.07,7,210,674.4925956726074
1784754617.5432775,34,1402.12,16376.0,20.07,7,210,674.7427594661713
1784754617.7934425,34,1402.12,16376.0,19.66,10,210,674.992924451828
1784754618.0436072,34,1402.12,16376.0,19.66,10,210,675.2430891990662
1784754618.2937675,34,1402.12,16376.0,19.87,7,210,675.4932494163513
1784754618.5439234,34,1402.12,16376.0,19.87,7,210,675.743405342102
1784754618.7941008,34,1402.12,16376.0,19.92,14,210,675.9935827255249
1784754619.0442765,34,1402.12,16376.0,19.92,14,210,676.2437584400177
1784754619.2944293,34,1402.12,16376.0,19.7,8,210,676.4939112663269
1784754619.5445807,34,1402.12,16376.0,19.7,8,210,676.7440626621246
1784754619.7947357,34,1402.12,16376.0,19.65,13,210,676.994217634201
1784754620.0448813,34,1402.12,16376.0,19.65,13,210,677.2443633079529
1784754620.2950273,34,1402.12,16376.0,19.82,12,210,677.4945092201233
1784754620.5451686,34,1402.12,16376.0,19.82,12,210,677.7446506023407
1784754620.7953286,34,1402.12,16376.0,19.89,12,210,677.9948105812073
1784754621.0454907,34,1402.12,16376.0,19.89,12,210,678.2449727058411
1784754621.2956252,34,1402.12,16376.0,19.9,12,210,678.4951071739197
1784754621.5457792,34,1402.12,16376.0,19.9,12,210,678.7452611923218
1784754621.7959368,34,1402.12,16376.0,19.87,13,210,678.9954187870026
1784754622.046095,34,1402.12,16376.0,19.87,13,210,679.2455768585205
1784754622.296245,34,1402.12,16376.0,19.91,11,210,679.4957270622253
1784754622.5463965,34,1402.12,16376.0,19.91,11,210,679.7458784580231
1784754622.7965665,34,1402.12,16376.0,19.92,12,210,679.99604845047
1784754623.046733,34,1402.12,16376.0,19.92,12,210,680.2462148666382
1784754623.2968786,34,1402.12,16376.0,19.84,12,210,680.49636054039
1784754623.547023,34,1402.12,16376.0,19.84,12,210,680.746505022049
1784754623.7971735,34,1402.12,16376.0,19.78,12,210,680.9966554641724
1784754624.0473096,34,1402.12,16376.0,19.78,12,210,681.246791601181
1784754624.2974586,34,1402.12,16376.0,19.8,12,210,681.496940612793
1784754624.5476363,34,1402.12,16376.0,19.8,12,210,681.7471182346344
1784754624.7978113,34,1402.12,16376.0,19.78,12,210,681.9972932338715
1784754625.0479434,34,1402.12,16376.0,19.78,12,210,682.2474253177643
1784754625.298094,34,1402.12,16376.0,19.86,9,210,682.4975759983063
1784754625.5482488,34,1402.12,16376.0,19.86,9,210,682.7477307319641
1784754625.798415,34,1402.12,16376.0,19.97,8,210,682.9978969097137
1784754626.048574,34,1402.12,16376.0,19.97,8,210,683.248055934906
1784754626.2987416,34,1402.12,16376.0,19.97,18,210,683.4982235431671
1784754626.548903,34,1402.12,16376.0,19.97,18,210,683.7483849525452
1784754626.799075,34,1402.12,16376.0,19.92,7,210,683.9985568523407
1784754627.0491934,34,1402.12,16376.0,19.92,7,210,684.2486753463745
1784754627.2993093,34,1402.12,16376.0,19.87,15,210,684.498791217804
1784754627.5494618,34,1402.12,16376.0,19.87,15,210,684.7489438056946
1784754627.79961,34,1402.12,16376.0,19.85,11,210,684.9990918636322
1784754628.0497682,34,1402.12,16376.0,19.85,11,210,685.2492501735687
1784754628.299917,34,1402.12,16376.0,19.72,15,210,685.4993989467621
1784754628.5500638,34,1402.12,16376.0,19.72,15,210,685.7495458126068
1784754628.800211,34,1402.12,16376.0,19.66,11,210,685.9996929168701
1784754629.0504003,34,1402.12,16376.0,19.66,11,210,686.2498822212219
1784754629.3005838,34,1402.12,16376.0,19.72,15,210,686.5000658035278
1784754629.550714,34,1402.12,16376.0,19.72,15,210,686.750195980072
1784754629.8008811,34,1402.12,16376.0,19.76,6,210,687.000363111496
1784754630.0510452,34,1402.12,16376.0,19.76,6,210,687.2505271434784
1784754630.3011997,34,1402.12,16376.0,19.67,14,210,687.5006816387177
1784754630.5513275,34,1402.12,16376.0,19.67,14,210,687.750809431076
1784754630.8014748,34,1402.12,16376.0,19.66,6,210,688.0009567737579
1784754631.0516207,34,1402.12,16376.0,19.66,6,210,688.2511026859283
1784754631.3017712,34,1402.12,16376.0,19.55,7,210,688.5012531280518
1784754631.5519445,34,1402.12,16376.0,19.55,7,210,688.7514264583588
1784754631.8021004,34,1402.12,16376.0,19.62,13,210,689.0015823841095
1784754632.0522618,34,1402.12,16376.0,19.62,13,210,689.2517437934875
1784754632.302416,34,1402.12,16376.0,19.66,8,210,689.5018980503082
1784754632.5525644,34,1402.12,16376.0,19.66,8,210,689.7520463466644
1784754632.8027127,34,1402.12,16376.0,19.71,18,210,690.0021946430206
1784754633.0528684,34,1402.12,16376.0,19.71,18,210,690.2523503303528
1784754633.303028,34,1402.12,16376.0,19.82,10,210,690.5025100708008
1784754633.5531807,34,1402.12,16376.0,19.82,10,210,690.7526626586914
1784754633.8033128,34,1402.12,16376.0,19.92,13,210,691.0027947425842
1784754634.0534618,34,1402.12,16376.0,19.92,13,210,691.2529437541962
1784754634.3036103,34,1402.12,16376.0,19.86,13,210,691.503092288971
1784754634.553754,34,1402.12,16376.0,19.86,13,210,691.7532360553741
1784754634.8039222,34,1402.12,16376.0,19.88,8,210,692.0034041404724
1784754635.0540752,34,1402.12,16376.0,19.88,8,210,692.2535572052002
1784754635.3042536,34,1402.12,16376.0,19.88,17,210,692.5037355422974
1784754635.554415,34,1402.12,16376.0,19.88,17,210,692.7538969516754
1784754635.8045688,34,1402.12,16376.0,19.74,7,210,693.0040507316589
1784754636.0547223,34,1402.12,16376.0,19.74,7,210,693.2542042732239
1784754636.3048701,34,1402.12,16376.0,19.74,16,210,693.5043520927429
1784754636.55502,34,1402.12,16376.0,19.74,16,210,693.7545020580292
1784754636.8051739,34,1402.12,16376.0,19.67,6,210,694.0046558380127
1784754637.0553277,34,1402.12,16376.0,19.67,6,210,694.2548096179962
1784754637.3054907,34,1402.12,16376.0,19.71,14,210,694.5049726963043
1784754637.5556474,34,1402.12,16376.0,19.71,14,210,694.7551293373108
1784754637.8057942,34,1402.12,16376.0,19.74,8,210,695.0052762031555
1784754638.0559473,34,1402.12,16376.0,19.74,8,210,695.2554292678833
1784754638.3060966,34,1402.12,16376.0,19.81,13,210,695.5055785179138
1784754638.5562842,34,1402.12,16376.0,19.81,13,210,695.7557661533356
1784754638.8064384,34,1402.12,16376.0,19.73,7,210,696.0059204101562
1784754639.0565856,34,1402.12,16376.0,19.73,7,210,696.2560675144196
1784754639.3067338,34,1402.12,16376.0,19.77,15,210,696.5062158107758
1784754639.5568895,34,1402.12,16376.0,19.77,15,210,696.7563714981079
1784754639.8070502,34,1402.12,16376.0,19.67,6,210,697.0065321922302
1784754640.0572066,34,1402.12,16376.0,19.67,6,210,697.2566885948181
1784754640.3073945,34,1402.12,16376.0,19.71,16,210,697.5068764686584
1784754640.5575562,34,1402.12,16376.0,19.71,16,210,697.7570381164551
1784754640.8077261,34,1402.12,16376.0,19.68,9,210,698.007208108902
1784754641.0579,34,1402.12,16376.0,19.68,9,210,698.2573819160461
1784754641.3080747,34,1402.12,16376.0,19.68,13,210,698.5075566768646
1784754641.5582614,34,1402.12,16376.0,19.68,13,210,698.7577433586121
1784754641.808445,34,1402.12,16376.0,19.7,11,210,699.007926940918
1784754642.0586398,34,1402.12,16376.0,19.7,11,210,699.2581217288971
1784754642.3088331,34,1402.12,16376.0,19.83,16,210,699.5083150863647
1784754642.5590234,34,1402.12,16376.0,19.83,16,210,699.7585053443909
1784754642.8091855,34,1402.12,16376.0,19.91,10,210,700.0086674690247
1784754643.0593097,34,1402.12,16376.0,19.91,10,210,700.2587916851044
1784754643.3094845,34,1402.12,16376.0,19.92,16,210,700.5089664459229
1784754643.5596716,34,1402.12,16376.0,19.92,16,210,700.7591536045074
1784754643.8098278,34,1402.12,16376.0,19.79,9,210,701.0093097686768
1784754644.0599747,34,1402.12,16376.0,19.79,9,210,701.2594566345215
1784754644.3101435,34,1402.12,16376.0,19.83,14,210,701.5096254348755
1784754644.5602992,34,1402.12,16376.0,19.83,14,210,701.7597811222076
1784754644.8104553,34,1402.12,16376.0,19.8,7,210,702.009937286377
1784754645.060602,34,1402.12,16376.0,19.8,7,210,702.2600839138031
1784754645.3107536,34,1402.12,16376.0,19.78,17,210,702.5102355480194
1784754645.5609388,34,1402.12,16376.0,19.78,17,210,702.7604207992554
1784754645.811096,34,1402.12,16376.0,19.81,7,210,703.010577917099
1784754646.061256,34,1402.12,16376.0,19.81,7,210,703.2607378959656
1784754646.311421,34,1402.12,16376.0,19.79,12,210,703.5109028816223
1784754646.5615866,34,1402.12,16376.0,19.79,12,210,703.7610685825348
1784754646.8117397,34,1402.12,16376.0,19.72,10,210,704.0112216472626
1784754647.0618892,34,1402.12,16376.0,19.72,10,210,704.2613711357117
1784754647.3120317,34,1402.12,16376.0,19.74,7,210,704.511513710022
1784754647.5621865,34,1402.12,16376.0,19.74,7,210,704.7616684436798
1784754647.8123133,34,1402.12,16376.0,19.71,16,210,705.0117952823639
1784754648.062464,34,1402.12,16376.0,19.71,16,210,705.2619459629059
1784754648.3126094,34,1402.12,16376.0,19.73,10,210,705.5120913982391
1784754648.562757,34,1402.12,16376.0,19.73,10,210,705.7622389793396
1784754648.812905,34,1402.12,16376.0,19.86,14,210,706.0123870372772
1784754649.063064,34,1402.12,16376.0,19.86,14,210,706.2625460624695
1784754649.3131893,34,1402.12,16376.0,19.86,12,210,706.5126712322235
1784754649.5633118,34,1402.12,16376.0,19.86,12,210,706.7627937793732
1784754649.8134668,34,1402.12,16376.0,19.81,16,210,707.0129487514496
1784754650.0636256,34,1402.12,16376.0,19.81,16,210,707.2631075382233
1784754650.3137753,34,1402.12,16376.0,19.7,7,210,707.5132572650909
1784754650.5639198,34,1402.12,16376.0,19.7,7,210,707.7634017467499
1784754650.8140721,34,1402.12,16376.0,19.83,14,210,708.0135540962219
1784754651.0641956,34,1402.12,16376.0,19.83,14,210,708.2636775970459
1784754651.314305,34,1402.12,16376.0,19.83,11,210,708.5137870311737
1784754651.5644593,34,1402.12,16376.0,19.83,11,210,708.7639412879944
1784754651.814631,34,1402.12,16376.0,19.68,12,210,709.0141129493713
1784754652.0647955,34,1402.12,16376.0,19.68,12,210,709.2642774581909
1784754652.314947,34,1402.12,16376.0,19.68,10,210,709.5144288539886
1784754652.565095,34,1402.12,16376.0,19.68,10,210,709.7645769119263
1784754652.8152597,34,1402.12,16376.0,19.84,18,210,710.0147416591644
1784754653.065397,34,1402.12,16376.0,19.84,18,210,710.264878988266
1784754653.315551,34,1402.12,16376.0,19.88,8,210,710.5150330066681
1784754653.5657125,34,1402.12,16376.0,19.88,8,210,710.7651944160461
1784754653.8158724,34,1402.12,16376.0,19.86,14,210,711.0153543949127
1784754654.0660408,34,1402.12,16376.0,19.86,14,210,711.2655227184296
1784754654.316193,34,1402.12,16376.0,19.7,7,210,711.5156750679016
1784754654.5663543,34,1402.12,16376.0,19.7,7,210,711.7658362388611
1784754654.8165126,34,1402.12,16376.0,19.76,14,210,712.0159945487976
1784754655.0666728,34,1402.12,16376.0,19.76,14,210,712.2661547660828
1784754655.316838,34,1402.12,16376.0,19.7,7,210,712.5163199901581
1784754655.56699,34,1402.12,16376.0,19.7,7,210,712.766471862793
1784754655.8171453,34,1402.12,16376.0,19.75,15,210,713.0166273117065
1784754656.0673006,34,1402.12,16376.0,19.75,15,210,713.2667825222015
1784754656.3174648,34,1402.12,16376.0,19.75,11,210,713.5169467926025
1784754656.5676093,34,1402.12,16376.0,19.75,11,210,713.7670912742615
1784754656.8177578,34,1402.12,16376.0,19.78,14,210,714.0172398090363
1784754657.0679097,34,1402.12,16376.0,19.78,14,210,714.2673916816711
1784754657.3180609,34,1402.12,16376.0,19.8,7,210,714.5175428390503
1784754657.5682132,34,1402.12,16376.0,19.8,7,210,714.7676951885223
1784754657.8183558,34,1402.12,16376.0,19.55,13,210,715.0178377628326
1784754658.068511,34,1402.12,16376.0,19.55,13,210,715.2679929733276
1784754658.3186383,34,1402.12,16376.0,19.38,6,210,715.5181202888489
1784754658.5687923,34,1402.12,16376.0,19.38,6,210,715.768274307251
1784754658.8189402,34,1402.12,16376.0,19.48,18,210,716.01842212677
1784754659.0691204,34,1402.12,16376.0,19.48,18,210,716.2686023712158
1784754659.3192914,34,1402.12,16376.0,19.6,8,210,716.518773317337
1784754659.5694454,34,1402.12,16376.0,19.6,8,210,716.7689273357391
1784754659.8195918,34,1402.12,16376.0,19.7,12,210,717.0190737247467
1784754660.0697439,34,1402.12,16376.0,19.7,12,210,717.2692258358002
1784754660.3199031,34,1402.12,16376.0,19.6,7,210,717.519385099411
1784754660.570069,34,1402.12,16376.0,19.6,7,210,717.7695510387421
1784754660.8202236,34,1402.12,16376.0,19.64,8,210,718.0197055339813
1784754661.07039,34,1402.12,16376.0,19.64,8,210,718.2698719501495
1784754661.320557,34,1402.12,16376.0,19.82,19,210,718.5200390815735
1784754661.570732,34,1402.12,16376.0,19.82,19,210,718.7702140808105
1784754661.82091,34,1402.12,16376.0,19.86,9,210,719.0203919410706
1784754662.0710778,34,1402.12,16376.0,19.86,9,210,719.2705597877502
1784754662.321245,34,1402.12,16376.0,19.88,15,210,719.5207269191742
1784754662.5714138,34,1402.12,16376.0,19.88,15,210,719.7708957195282
1784754662.8215668,34,1402.12,16376.0,19.9,11,210,720.021048784256
1784754663.0717297,34,1402.12,16376.0,19.9,11,210,720.2712116241455
1784754663.321901,34,1402.12,16376.0,19.8,16,210,720.5213830471039
1784754663.5720608,34,1402.12,16376.0,19.8,16,210,720.7715427875519
1784754663.8222446,34,1402.12,16376.0,19.67,8,210,721.0217266082764
1784754664.072402,34,1402.12,16376.0,19.67,8,210,721.2718839645386
1784754664.322561,34,1402.12,16376.0,19.69,15,210,721.5220429897308
1784754664.5727332,34,1402.12,16376.0,19.69,15,210,721.772215127945
1784754664.8228886,34,1402.12,16376.0,19.61,7,210,722.0223705768585
1784754665.0730383,34,1402.12,16376.0,19.61,7,210,722.2725203037262
1784754665.323196,34,1402.12,16376.0,19.56,16,210,722.522677898407
1784754665.573302,34,1402.12,16376.0,19.56,16,210,722.7727839946747
1784754665.8234477,34,1402.12,16376.0,19.61,8,210,723.0229296684265
1784754666.073601,34,1402.12,16376.0,19.61,8,210,723.2730829715729
1784754666.3237672,34,1402.12,16376.0,19.66,13,210,723.5232491493225
1784754666.5739255,34,1402.12,16376.0,19.66,13,210,723.773407459259
1784754666.8240826,34,1402.12,16376.0,19.63,8,210,724.0235645771027
1784754667.074245,34,1402.12,16376.0,19.63,8,210,724.273726940155
1784754667.3244205,34,1402.12,16376.0,19.8,15,210,724.5239024162292
1784754667.5746036,34,1402.12,16376.0,19.8,15,210,724.774085521698
1784754667.8247595,34,1402.12,16376.0,19.71,7,210,725.0242414474487
1784754668.0749102,34,1402.12,16376.0,19.71,7,210,725.2743921279907
1784754668.3250704,34,1402.12,16376.0,19.86,16,210,725.5245523452759
1784754668.5752268,34,1402.12,16376.0,19.86,16,210,725.7747087478638
1784754668.8253844,34,1402.12,16376.0,19.95,11,210,726.0248663425446
1784754669.0755446,34,1402.12,16376.0,19.95,11,210,726.2750265598297
1784754669.3257048,34,1402.12,16376.0,20.03,17,210,726.5251867771149
1784754669.5758636,34,1402.12,16376.0,20.03,17,210,726.7753455638885
1784754669.8260381,34,1402.12,16376.0,20.03,9,210,727.0255200862885
1784754670.0761936,34,1402.12,16376.0,20.03,9,210,727.275675535202
1784754670.3263147,34,1402.12,16376.0,19.98,19,210,727.5257966518402
1784754670.576479,34,1402.12,16376.0,19.98,19,210,727.7759609222412
1784754670.8266342,34,1402.12,16376.0,19.92,8,210,728.0261161327362
1784754671.076785,34,1402.12,16376.0,19.92,8,210,728.2762670516968
1784754671.3269417,34,1402.12,16376.0,19.96,16,210,728.5264236927032
1784754671.577101,34,1402.12,16376.0,19.96,16,210,728.7765829563141
1784754671.8272474,34,1402.12,16376.0,19.97,11,210,729.0267293453217
1784754672.0773973,34,1402.12,16376.0,19.97,11,210,729.2768793106079
1784754672.3275282,34,1402.12,16376.0,20.16,20,210,729.5270102024078
1784754672.5776825,34,1402.12,16376.0,20.16,20,210,729.7771644592285
1784754672.8277948,34,1402.12,16376.0,20.11,10,210,730.0272767543793
1784754673.0779562,34,1402.12,16376.0,20.11,10,210,730.2774381637573
1784754673.328117,34,1402.12,16376.0,19.97,17,210,730.5275988578796
1784754673.5782776,34,1402.12,16376.0,19.97,17,210,730.777759552002
1784754673.8284392,34,1402.12,16376.0,19.72,7,210,731.0279211997986
1784754674.078589,34,1402.12,16376.0,19.72,7,210,731.2780709266663
1784754674.3287358,34,1402.12,16376.0,19.59,13,210,731.528217792511
1784754674.5788908,34,1402.12,16376.0,19.59,13,210,731.7783727645874
1784754674.8290434,34,1402.12,16376.0,19.52,14,210,732.028525352478
1784754675.0791948,34,1402.12,16376.0,19.52,14,210,732.2786767482758
1784754675.3293006,34,1402.12,16376.0,19.64,9,210,732.5287826061249
1784754675.5794582,34,1402.12,16376.0,19.64,9,210,732.7789402008057
1784754675.8296123,34,1402.12,16376.0,19.75,14,210,733.0290942192078
1784754676.0797665,34,1402.12,16376.0,19.75,14,210,733.2792484760284
1784754676.3299167,34,1402.12,16376.0,19.73,7,210,733.5293986797333
1784754676.5800703,34,1402.12,16376.0,19.73,7,210,733.7795522212982
1784754676.8302214,34,1402.12,16376.0,19.68,16,210,734.0297033786774
1784754677.0803695,34,1402.12,16376.0,19.68,16,210,734.279851436615
1784754677.3305168,34,1402.12,16376.0,19.6,6,210,734.5299987792969
1784754677.5806684,34,1402.12,16376.0,19.6,6,210,734.7801504135132
1784754677.8308237,34,1402.12,16376.0,19.54,16,210,735.0303056240082
1784754678.080977,34,1402.12,16376.0,19.54,16,210,735.2804589271545
1784754678.3311245,34,1402.12,16376.0,19.55,9,210,735.530606508255
1784754678.5812829,34,1402.12,16376.0,19.55,9,210,735.7807648181915
1784754678.831436,34,1402.12,16376.0,19.62,15,210,736.0309178829193
1784754679.0815713,34,1402.12,16376.0,19.62,15,210,736.2810533046722
1784754679.3317194,34,1402.12,16376.0,19.76,7,210,736.5312013626099
1784754679.581882,34,1402.12,16376.0,19.76,7,210,736.7813639640808
1784754679.8320475,34,1402.12,16376.0,19.91,17,210,737.0315294265747
1784754680.0822194,34,1402.12,16376.0,19.91,17,210,737.2817013263702
1784754680.3323796,34,1402.12,16376.0,19.88,7,210,737.5318615436554
1784754680.5825305,34,1402.12,16376.0,19.88,7,210,737.782012462616
1784754680.8326879,34,1402.12,16376.0,19.82,13,210,738.0321698188782
1784754681.08285,34,1402.12,16376.0,19.82,13,210,738.282331943512
1784754681.333017,34,1402.12,16376.0,19.75,8,210,738.5324990749359
1784754681.58319,34,1402.12,16376.0,19.75,8,210,738.7826719284058
1784754681.8333232,34,1402.12,16376.0,19.82,13,210,739.0328052043915
1784754682.0834816,34,1402.12,16376.0,19.82,13,210,739.282963514328
1784754682.3336444,34,1402.12,16376.0,19.62,7,210,739.5331263542175
1784754682.5838099,34,1402.12,16376.0,19.62,7,210,739.7832918167114
1784754682.8339653,34,1402.12,16376.0,19.68,17,210,740.033447265625
1784754683.084121,34,1402.12,16376.0,19.68,17,210,740.2836029529572
1784754683.3342903,34,1402.12,16376.0,19.84,11,210,740.5337722301483
1784754683.5844533,34,1402.12,16376.0,19.84,11,210,740.7839353084564
1784754683.834613,34,1402.12,16376.0,19.9,14,210,741.0340950489044
1784754684.0847926,34,1402.12,16376.0,19.9,14,210,741.2842745780945
1784754684.3349395,34,1402.12,16376.0,19.87,7,210,741.5344214439392
1784754684.5850778,34,1402.12,16376.0,19.87,7,210,741.7845597267151
1784754684.83523,34,1402.12,16376.0,19.87,10,210,742.0347120761871
1784754685.0853963,34,1402.12,16376.0,19.87,10,210,742.2848782539368
1784754685.335575,34,1402.12,16376.0,19.83,12,210,742.5350570678711
1784754685.5857196,34,1402.12,16376.0,19.83,12,210,742.78520154953
1784754685.8358452,34,1402.12,16376.0,19.81,8,210,743.0353271961212
1784754686.0859754,34,1402.12,16376.0,19.81,8,210,743.2854573726654
1784754686.3361328,34,1402.12,16376.0,19.84,13,210,743.5356147289276
1784754686.5863025,34,1402.12,16376.0,19.84,13,210,743.7857844829559
1784754686.8364468,34,1402.12,16376.0,19.84,7,210,744.0359287261963
1784754687.0865953,34,1402.12,16376.0,19.84,7,210,744.2860772609711
1784754687.336752,34,1402.12,16376.0,19.78,13,210,744.5362339019775
1784754687.5868661,34,1402.12,16376.0,19.78,13,210,744.7863481044769
1784754687.8369763,34,1402.12,16376.0,19.86,11,210,745.0364582538605
1784754688.0871253,34,1402.12,16376.0,19.86,11,210,745.2866072654724
1784754688.3372796,34,1402.12,16376.0,19.91,17,210,745.5367615222931
1784754688.5874214,34,1402.12,16376.0,19.91,17,210,745.7869033813477
1784754688.8375597,34,1402.12,16376.0,19.8,11,210,746.0370416641235
1784754689.087708,34,1402.12,16376.0,19.8,11,210,746.2871899604797
1784754689.3378952,34,1402.12,16376.0,19.86,16,210,746.5373771190643
1784754689.5880613,34,1402.12,16376.0,19.86,16,210,746.787543296814
1784754689.8382094,34,1402.12,16376.0,19.89,9,210,747.0376913547516
1784754690.0883873,34,1402.12,16376.0,19.89,9,210,747.2878692150116
1784754690.3385472,34,1402.12,16376.0,19.98,18,210,747.5380291938782
1784754690.5886998,34,1402.12,16376.0,19.98,18,210,747.7881817817688
1784754690.8388488,34,1402.12,16376.0,20.04,8,210,748.0383307933807
1784754691.0890179,34,1402.12,16376.0,20.04,8,210,748.2884998321533
1784754691.3391864,34,1402.12,16376.0,20.07,12,210,748.5386683940887
1784754691.589343,34,1402.12,16376.0,20.07,12,210,748.7888250350952
1784754691.839491,34,1402.12,16376.0,19.83,10,210,749.0389728546143
1784754692.0896432,34,1402.12,16376.0,19.83,10,210,749.2891252040863
1784754692.3397968,34,1402.12,16376.0,19.81,7,210,749.5392787456512
1784754692.5899613,34,1402.12,16376.0,19.81,7,210,749.7894432544708
1784754692.8401241,34,1402.12,16376.0,19.75,13,210,750.0396060943604
1784754693.0902996,34,1402.12,16376.0,19.75,13,210,750.2897815704346
1784754693.340466,34,1402.12,16376.0,19.71,9,210,750.5399479866028
1784754693.5906231,34,1402.12,16376.0,19.71,9,210,750.7901051044464
1784754693.8407714,34,1402.12,16376.0,19.7,13,210,751.0402534008026
1784754694.0909178,34,1402.12,16376.0,19.7,13,210,751.2903997898102
1784754694.3410707,34,1402.12,16376.0,19.57,8,210,751.5405526161194
1784754694.591224,34,1402.12,16376.0,19.57,8,210,751.7907059192657
1784754694.841395,34,1402.12,16376.0,19.6,16,210,752.040876865387
1784754695.0915635,34,1402.12,16376.0,19.6,16,210,752.2910454273224
1784754695.3417146,34,1402.12,16376.0,19.6,8,210,752.5411965847015
1784754695.5918705,34,1402.12,16376.0,19.6,8,210,752.7913525104523
1784754695.8420298,34,1402.12,16376.0,19.67,14,210,753.0415117740631
1784754696.0921829,34,1402.12,16376.0,19.67,14,210,753.2916648387909
1784754696.3423047,34,1402.12,16376.0,19.83,7,210,753.5417866706848
1784754696.592447,34,1402.12,16376.0,19.83,7,210,753.7919290065765
1784754696.8425915,34,1402.12,16376.0,19.82,14,210,754.0420734882355
1784754697.0927582,34,1402.12,16376.0,19.82,14,210,754.2922401428223
1784754697.3429313,34,1402.12,16376.0,19.74,11,210,754.5424132347107
1784754697.5931025,34,1402.12,16376.0,19.74,11,210,754.7925844192505
1784754697.843313,34,1402.12,16376.0,19.86,16,210,755.0427949428558
1784754698.0934665,34,1402.12,16376.0,19.86,16,210,755.2929484844208
1784754698.343627,34,1402.12,16376.0,19.97,11,210,755.5431089401245
1784754698.5937753,34,1402.12,16376.0,19.97,11,210,755.7932572364807
1784754698.8439257,34,1402.12,16376.0,19.97,16,210,756.0434076786041
1784754699.094091,34,1402.12,16376.0,19.97,16,210,756.2935729026794
1784754699.3442817,34,1402.12,16376.0,19.94,10,210,756.5437636375427
1784754699.594459,34,1402.12,16376.0,19.94,10,210,756.7939410209656
1784754699.8446417,34,1402.12,16376.0,19.94,16,210,757.0441236495972
1784754700.0947988,34,1402.12,16376.0,19.94,16,210,757.2942807674408
1784754700.3449779,34,1402.12,16376.0,19.82,9,210,757.5444598197937
1784754700.595129,34,1402.12,16376.0,19.82,9,210,757.7946109771729
1784754700.8453298,34,1402.12,16376.0,19.82,14,210,758.0448117256165
1784754701.0955029,34,1402.12,16376.0,19.82,14,210,758.2949848175049
1784754701.3456655,34,1402.12,16376.0,19.85,12,210,758.5451474189758
1784754701.595813,34,1402.12,16376.0,19.85,12,210,758.7952950000763
1784754701.8459654,34,1402.12,16376.0,19.88,12,210,759.0454473495483
1784754702.0961215,34,1402.12,16376.0,19.88,12,210,759.2956035137177
1784754702.3462753,34,1402.12,16376.0,19.95,15,210,759.5457572937012
1784754702.5964255,34,1402.12,16376.0,19.95,15,210,759.795907497406
1784754702.8465967,34,1402.12,16376.0,19.96,11,210,760.0460786819458
1784754703.0967557,34,1402.12,16376.0,19.96,11,210,760.2962377071381
1784754703.3469257,34,1402.12,16376.0,19.81,14,210,760.546407699585
1784754703.5970783,34,1402.12,16376.0,19.81,14,210,760.7965602874756
1784754703.8959332,34,1404.88,16376.0,19.74,11,210,761.0954151153564
1784754704.1461065,34,3736.0,16376.0,19.74,11,210,761.3455884456635
1784754704.3962936,35,3766.0,16376.0,21.98,95,2775,761.595775604248
1784754704.651855,35,3804.0,16376.0,21.98,95,2775,761.8513369560242
1784754704.9022312,36,3804.0,16376.0,39.24,0,2775,762.101713180542
1784754705.1524477,36,3804.69,16376.0,39.24,0,2775,762.3519296646118
1784754705.40263,36,4850.69,16376.0,55.3,1,2775,762.6021120548248
1784754705.6528056,36,4930.69,16376.0,55.3,1,2775,762.852287530899
1784754705.9029832,47,4936.69,16376.0,95.39,57,2760,763.1024651527405
1784754706.1531599,47,4936.62,16376.0,95.39,57,2760,763.3526418209076
1784754706.4033594,50,4936.62,16376.0,171.58,95,2760,763.6028413772583
1784754706.6535451,50,4936.62,16376.0,171.58,95,2760,763.8530271053314
1784754706.9042218,51,4936.62,16376.0,226.64,95,2760,764.1037037372589
1784754707.1543925,51,4936.62,16376.0,226.64,95,2760,764.3538744449615
1784754707.404564,51,4936.62,16376.0,233.59,91,2760,764.6040458679199
1784754707.6547394,51,4936.62,16376.0,233.59,91,2760,764.8542213439941
1784754707.904913,52,4936.62,16376.0,234.51,92,2760,765.1043949127197
1784754708.1550984,52,4936.62,16376.0,234.51,92,2760,765.3545804023743
1784754708.4052787,52,4936.62,16376.0,235.17,93,2760,765.6047606468201
1784754708.6554444,52,4936.62,16376.0,235.17,93,2760,765.8549263477325
1784754708.9056218,53,4936.62,16376.0,235.57,92,2760,766.1051037311554
1784754709.1558123,53,4936.62,16376.0,235.57,92,2760,766.3552942276001
1784754709.40603,53,4936.62,16376.0,235.52,91,2760,766.6055119037628
1784754709.6562078,53,4936.62,16376.0,235.52,91,2760,766.8556897640228
1784754709.9063964,54,4936.62,16376.0,236.51,95,2760,767.1058783531189
1784754710.156539,54,4936.0,16376.0,236.51,95,2760,767.3560209274292
1784754710.4066863,54,4936.0,16376.0,236.61,95,2760,767.6061682701111
1784754710.656843,54,4936.0,16376.0,236.61,95,2760,767.8563249111176
1784754710.9070055,54,4936.0,16376.0,236.71,92,2760,768.1064875125885
1784754711.1571608,54,4936.0,16376.0,236.71,92,2760,768.3566427230835
1784754711.4073517,53,4936.0,16376.0,237.03,92,2760,768.6068336963654
1784754711.657538,53,4936.0,16376.0,237.03,92,2760,768.8570199012756
1784754711.907719,55,4936.0,16376.0,237.39,95,2760,769.1072008609772
1784754712.1578734,55,4936.0,16376.0,237.39,95,2760,769.3573553562164
1784754712.408022,54,4936.0,16376.0,237.15,89,2745,769.6075038909912
1784754712.6581717,54,4936.0,16376.0,237.15,89,2745,769.8576536178589
1784754712.9083135,55,4936.0,16376.0,234.95,92,2745,770.1077954769135
1784754713.1586359,55,4936.0,16376.0,234.95,92,2745,770.3581178188324
1784754713.4087727,55,4936.0,16376.0,234.33,95,2745,770.6082546710968
1784754713.6589284,55,4936.0,16376.0,234.33,95,2745,770.858410358429
1784754713.9090679,55,4936.0,16376.0,234.47,95,2745,771.1085498332977
1784754714.1592202,55,4936.0,16376.0,234.47,95,2745,771.3587021827698
1784754714.4094243,54,4936.0,16376.0,234.4,91,2745,771.6089062690735
1784754714.6595912,54,4936.0,16376.0,234.4,91,2745,771.8590731620789
1784754714.9097607,55,4936.0,16376.0,235.03,92,2745,772.1092426776886
1784754715.1599324,55,4936.0,16376.0,235.03,92,2745,772.3594143390656
1784754715.4100962,56,4936.0,16376.0,234.99,93,2745,772.6095781326294
1784754715.6602387,56,4936.0,16376.0,234.99,93,2745,772.8597207069397
1784754715.9103897,56,4936.0,16376.0,234.87,92,2745,773.1098716259003
1784754716.1608357,56,4936.0,16376.0,234.87,92,2745,773.3603177070618
1784754716.4109828,56,4936.0,16376.0,235.07,91,2745,773.6104648113251
1784754716.6611235,56,4936.0,16376.0,235.07,91,2745,773.8606054782867
1784754716.9113052,55,4936.0,16376.0,235.53,96,2745,774.110787153244
1784754717.1614602,55,4936.0,16376.0,235.53,96,2745,774.3609421253204
1784754717.411661,56,4936.0,16376.0,235.08,95,2745,774.611142873764
1784754717.6618373,56,4936.0,16376.0,235.08,95,2745,774.8613193035126
1784754717.9120393,56,4936.0,16376.0,235.5,92,2745,775.1115212440491
1784754718.1621954,56,4936.0,16376.0,235.5,92,2745,775.3616774082184
1784754718.4123363,56,4936.0,16376.0,236.61,92,2745,775.6118183135986
1784754718.6625044,56,4936.0,16376.0,236.61,92,2745,775.8619863986969
1784754718.912654,57,4936.0,16376.0,236.37,95,2745,776.112135887146
1784754719.1628077,57,4936.0,16376.0,236.37,95,2745,776.3622896671295
1784754719.4129775,57,4936.0,16376.0,236.32,91,2745,776.6124594211578
1784754719.6631548,57,4936.0,16376.0,236.32,91,2745,776.8626368045807
1784754719.913304,57,4936.0,16376.0,236.09,92,2745,777.1127860546112
1784754720.1634767,57,4936.0,16376.0,236.09,92,2745,777.3629586696625
1784754720.413664,54,4936.0,16376.0,235.78,95,2745,777.6131460666656
1784754720.6638393,54,4936.0,16376.0,235.78,95,2745,777.8633213043213
1784754720.9139948,57,4936.0,16376.0,235.91,91,2745,778.1134767532349
1784754721.165248,57,4936.0,16376.0,235.91,91,2745,778.3647298812866
1784754721.415418,57,4936.0,16376.0,236.5,91,2745,778.6148998737335
1784754721.6655753,57,4936.0,16376.0,236.5,91,2745,778.8650572299957
1784754721.915735,58,4936.0,16376.0,236.7,95,2745,779.1152169704437
1784754722.1659343,58,4936.0,16376.0,236.7,95,2745,779.3654162883759
1784754722.416089,58,4936.0,16376.0,236.97,95,2745,779.6155710220337
1784754722.6662705,58,4936.0,16376.0,236.97,95,2745,779.8657524585724
1784754722.9164388,58,4936.0,16376.0,237.36,92,2745,780.1159207820892
1784754723.1666064,58,4936.0,16376.0,237.36,92,2745,780.3660883903503
1784754723.416773,57,4936.0,16376.0,237.02,91,2745,780.6162550449371
1784754723.6669204,57,4936.0,16376.0,237.02,91,2745,780.866402387619
1784754723.9170883,58,4936.0,16376.0,237.15,93,2745,781.1165702342987
1784754724.1672776,58,4936.0,16376.0,237.15,93,2745,781.3667595386505
1784754724.4185157,58,4936.0,16376.0,237.4,92,2745,781.6179976463318
1784754724.6686873,58,4936.0,16376.0,237.4,92,2745,781.8681693077087
1784754724.9188476,59,4936.0,16376.0,237.35,92,2745,782.1183295249939
1784754725.1690092,59,4936.0,16376.0,237.35,92,2745,782.3684911727905
1784754725.419146,58,4936.0,16376.0,237.41,95,2745,782.6186280250549
1784754725.6693327,58,4936.0,16376.0,237.41,95,2745,782.8688147068024
1784754725.9194934,59,4936.0,16376.0,237.7,95,2745,783.1189754009247
1784754726.169657,59,4936.0,16376.0,237.7,95,2745,783.36913895607
1784754726.4198272,59,4936.0,16376.0,237.59,91,2745,783.6193091869354
1784754726.6699796,59,4936.0,16376.0,237.59,91,2745,783.8694615364075
1784754726.9201713,59,4936.0,16376.0,238.26,90,2745,784.1196532249451
1784754727.1703062,59,4936.0,16376.0,238.26,90,2745,784.3697881698608
1784754727.4204705,59,4936.0,16376.0,238.14,95,2745,784.6199524402618
1784754727.670617,59,4936.0,16376.0,238.14,95,2745,784.870099067688
1784754727.92076,60,4936.0,16376.0,238.13,92,2745,785.1202418804169
1784754728.1709085,60,4936.0,16376.0,238.13,92,2745,785.3703904151917
1784754728.421066,60,4936.0,16376.0,238.37,92,2745,785.6205480098724
1784754728.671225,60,4936.0,16376.0,238.37,92,2745,785.8707070350647
1784754728.9213626,58,4936.0,16376.0,238.29,95,2745,786.1208446025848
1784754729.1715271,58,4936.0,16376.0,238.29,95,2745,786.3710091114044
1784754729.4216871,60,4936.0,16376.0,238.2,94,2745,786.621169090271
1784754729.6718223,60,4936.0,16376.0,238.2,94,2745,786.8713042736053
1784754729.9220078,60,4936.0,16376.0,239.28,90,2745,787.1214897632599
1784754730.1721923,60,4936.0,16376.0,239.28,90,2745,787.3716742992401
1784754730.4225433,60,4936.0,16376.0,240.07,95,2745,787.6220252513885
1784754730.6727214,60,4936.0,16376.0,240.07,95,2745,787.8722033500671
1784754730.9228687,61,4936.0,16376.0,241.22,95,2745,788.122350692749
1784754731.1730063,61,4936.0,16376.0,241.22,95,2745,788.3724882602692
1784754731.423154,61,4936.0,16376.0,242.28,92,2745,788.6226360797882
1784754731.6733246,61,4936.0,16376.0,242.28,92,2745,788.8728065490723
1784754731.9234807,60,4936.0,16376.0,242.42,92,2745,789.1229627132416
1784754732.1743119,60,4936.0,16376.0,242.42,92,2745,789.3737938404083
1784754732.4245026,61,4936.0,16376.0,242.14,94,2745,789.6239845752716
1784754732.6746588,61,4936.0,16376.0,242.14,94,2745,789.8741407394409
1784754732.9248343,61,4936.0,16376.0,242.99,90,2745,790.1243162155151
1784754733.1749773,61,4936.0,16376.0,242.99,90,2745,790.3744592666626
